condition_source_value,n
NA~PRIMARY DIAGNOSIS|NA^ALZHEIMER'S DISEASE,254
HYPERTENSION~SIGNIFICANT PRE-EXISTING CONDITION|HYPERTENSION^VERBATIM_0342,49
ARTHRITIS~SIGNIFICANT PRE-EXISTING CONDITION|ARTHRITIS^VERBATIM_1309,39
HYSTERECTOMY~HISTORICAL DIAGNOSIS|HYSTERECTOMY^VERBATIM_0936,29
APPENDICECTOMY~HISTORICAL DIAGNOSIS|APPENDECTOMY^VERBATIM_1775,23
TONSILLECTOMY~HISTORICAL DIAGNOSIS|TONSILLECTOMY^VERBATIM_1716,21
CONSTIPATION~SIGNIFICANT PRE-EXISTING CONDITION|CONSTIPATION^VERBATIM_0443,18
GLAUCOMA~SIGNIFICANT PRE-EXISTING CONDITION|GLAUCOMA^VERBATIM_0308,16
HYPOTHYROIDISM~SIGNIFICANT PRE-EXISTING CONDITION|HYPOTHYROIDISM^VERBATIM_1512,16
DEAFNESS~SIGNIFICANT PRE-EXISTING CONDITION|HEARING LOSS^VERBATIM_0391,13
HYPERCHOLESTEROLAEMIA~SIGNIFICANT PRE-EXISTING CONDITION|HYPERCHOLESTEROLEMIA^VERBATIM_0164,13
HEADACHE~SIGNIFICANT PRE-EXISTING CONDITION|HEADACHE^VERBATIM_0301,12
HEADACHE~SIGNIFICANT PRE-EXISTING CONDITION|HEADACHE^VERBATIM_0929,11
PNEUMONIA~HISTORICAL DIAGNOSIS|PNEUMONIA^VERBATIM_0919,11
OSTEOARTHRITIS~SIGNIFICANT PRE-EXISTING CONDITION|OSTEOARTHRITIS^VERBATIM_0809,10
HYPERMETROPIA~SIGNIFICANT PRE-EXISTING CONDITION|HYPEROPIA^VERBATIM_1683,9
HYPERTENSION~HISTORICAL DIAGNOSIS|HYPERTENSION^VERBATIM_0342,9
PRESBYOPIA~SIGNIFICANT PRE-EXISTING CONDITION|PRESBYOPIA^VERBATIM_0507,9
BENIGN PROSTATIC HYPERPLASIA~SIGNIFICANT PRE-EXISTING CONDITION|ENLARGED PROSTATE^VERBATIM_0255,8
HAEMORRHOID OPERATION~HISTORICAL DIAGNOSIS|HEMORRHOIDECTOMY^VERBATIM_1187,8
INGUINAL HERNIA~HISTORICAL DIAGNOSIS|INGUINAL HERNIA^VERBATIM_0472,8
SINUSITIS~SIGNIFICANT PRE-EXISTING CONDITION|SINUSITIS^VERBATIM_1769,8
CHOLECYSTECTOMY~HISTORICAL DIAGNOSIS|CHOLECYSTECTOMY^VERBATIM_1324,7
DIABETES MELLITUS~SIGNIFICANT PRE-EXISTING CONDITION|DIABETES^VERBATIM_0875,7
CATARACT~SIGNIFICANT PRE-EXISTING CONDITION|CATARACTS^VERBATIM_0884,6
DUODENAL ULCER~HISTORICAL DIAGNOSIS|DUODENAL ULCER^VERBATIM_0721,6
DYSPEPSIA~SIGNIFICANT PRE-EXISTING CONDITION|HEARTBURN^VERBATIM_0841,6
HERNIA REPAIR~HISTORICAL DIAGNOSIS|HERNIA REPAIR^VERBATIM_1014,6
MACULAR DEGENERATION~SIGNIFICANT PRE-EXISTING CONDITION|MACULAR DEGENERATION^VERBATIM_1530,6
MENOPAUSE~SIGNIFICANT PRE-EXISTING CONDITION|MENOPAUSE^VERBATIM_1009,6
MYOPIA~SIGNIFICANT PRE-EXISTING CONDITION|MYOPIA^VERBATIM_1532,6
OSTEOPOROSIS~SIGNIFICANT PRE-EXISTING CONDITION|OSTEOPOROSIS^VERBATIM_1201,6
DEAFNESS BILATERAL~SIGNIFICANT PRE-EXISTING CONDITION|HEARING LOSS BILATERAL^VERBATIM_0978,5
DYSPEPSIA~SIGNIFICANT PRE-EXISTING CONDITION|INDIGESTION^VERBATIM_0800,5
HAEMORRHOIDS~HISTORICAL DIAGNOSIS|HEMORRHOIDS^VERBATIM_0267,5
HIATUS HERNIA~SIGNIFICANT PRE-EXISTING CONDITION|HIATAL HERNIA^VERBATIM_0699,5
HIP ARTHROPLASTY~HISTORICAL DIAGNOSIS|HIP REPLACEMENT^VERBATIM_1436,5
SEASONAL ALLERGY~SIGNIFICANT PRE-EXISTING CONDITION|SEASONAL ALLERGY^VERBATIM_1029,5
SINUS BRADYCARDIA~SIGNIFICANT PRE-EXISTING CONDITION|SINUS BRADYCARDIA^VERBATIM_0796,5
TINNITUS~SIGNIFICANT PRE-EXISTING CONDITION|TINNITUS^VERBATIM_1065,5
ASTIGMATISM~SIGNIFICANT PRE-EXISTING CONDITION|ASTIGMATISM^VERBATIM_1751,4
BASAL CELL CARCINOMA~HISTORICAL DIAGNOSIS|BASAL CELL CARCINOMA^VERBATIM_0951,4
BRONCHITIS~HISTORICAL DIAGNOSIS|BRONCHITIS^VERBATIM_1176,4
BUNDLE BRANCH BLOCK RIGHT~SIGNIFICANT PRE-EXISTING CONDITION|RIGHT BUNDLE BRANCH BLOCK^VERBATIM_0353,4
CHEST PAIN~HISTORICAL DIAGNOSIS|CHEST PAIN^VERBATIM_0517,4
CYSTITIS~HISTORICAL DIAGNOSIS|BLADDER INFECTION^VERBATIM_0361,4
DIARRHOEA~SIGNIFICANT PRE-EXISTING CONDITION|DIARRHEA^VERBATIM_1126,4
DIZZINESS~SIGNIFICANT PRE-EXISTING CONDITION|DIZZINESS^VERBATIM_1533,4
HEARING AID USER~SIGNIFICANT PRE-EXISTING CONDITION|HEARING AID USER^VERBATIM_0562,4
NEPHROLITHIASIS~HISTORICAL DIAGNOSIS|KIDNEY STONES^VERBATIM_0739,4
SINUSITIS~HISTORICAL DIAGNOSIS|SINUSITIS^VERBATIM_1769,4
TRANSURETHRAL PROSTATECTOMY~HISTORICAL DIAGNOSIS|PROSTATE TRANSURETHRAL RESECTION^VERBATIM_1249,4
TRANSURETHRAL PROSTATECTOMY~HISTORICAL DIAGNOSIS|TRANSURETHRAL PROSTATECTOMY^VERBATIM_0211,4
TUBERCULOSIS~HISTORICAL DIAGNOSIS|TUBERCULOSIS^VERBATIM_0526,4
URINARY INCONTINENCE~SIGNIFICANT PRE-EXISTING CONDITION|URINARY INCONTINENCE^VERBATIM_1579,4
VARICOSE VEIN~SIGNIFICANT PRE-EXISTING CONDITION|VARICOSE VEINS^VERBATIM_1589,4
ANGINA PECTORIS~HISTORICAL DIAGNOSIS|ANGINA PECTORIS^VERBATIM_1496,3
ASTHMA~SIGNIFICANT PRE-EXISTING CONDITION|ASTHMA^VERBATIM_1097,3
ATRIAL HYPERTROPHY~SIGNIFICANT PRE-EXISTING CONDITION|LEFT ATRIAL HYPERTROPHY^VERBATIM_1263,3
BACK PAIN~HISTORICAL DIAGNOSIS|BACK PAIN^VERBATIM_1583,3
BACK PAIN~SIGNIFICANT PRE-EXISTING CONDITION|BACK PAIN^VERBATIM_1583,3
BENIGN PROSTATIC HYPERPLASIA~HISTORICAL DIAGNOSIS|BENIGN PROSTATIC HYPERTROPHY^VERBATIM_0138,3
BLOOD CHOLESTEROL INCREASED~SIGNIFICANT PRE-EXISTING CONDITION|HIGH CHOLESTEROL^VERBATIM_1044,3
CARDIAC MURMUR~SIGNIFICANT PRE-EXISTING CONDITION|HEART MURMUR^VERBATIM_1223,3
CARDIAC MURMUR~SIGNIFICANT PRE-EXISTING CONDITION|SYSTOLIC MURMUR^VERBATIM_0791,3
CARDIAC PACEMAKER INSERTION~SIGNIFICANT PRE-EXISTING CONDITION|CARDIAC PACEMAKER INSERTION^VERBATIM_1072,3
CATARACT~SIGNIFICANT PRE-EXISTING CONDITION|BILATERAL CATARACTS^VERBATIM_1570,3
CHRONIC OBSTRUCTIVE PULMONARY DISEASE~SIGNIFICANT PRE-EXISTING CONDITION|CHRONIC OBSTRUCTIVE PULMONARY DISEASE^VERBATIM_0829,3
CHRONIC OBSTRUCTIVE PULMONARY DISEASE~SIGNIFICANT PRE-EXISTING CONDITION|COPD^VERBATIM_0502,3
CORONARY ANGIOPLASTY~HISTORICAL DIAGNOSIS|CORONARY ANGIOPLASTY^VERBATIM_1725,3
CORONARY ARTERY DISEASE~SIGNIFICANT PRE-EXISTING CONDITION|CORONARY ARTERY DISEASE^VERBATIM_0409,3
DRY SKIN~SIGNIFICANT PRE-EXISTING CONDITION|DRY SKIN^VERBATIM_1544,3
DYSPEPSIA~SIGNIFICANT PRE-EXISTING CONDITION|DYSPEPSIA^VERBATIM_1563,3
ELECTROCARDIOGRAM ST SEGMENT DEPRESSION~SIGNIFICANT PRE-EXISTING CONDITION|ST SEGMENT DEPRESSED^VERBATIM_1153,3
FALL~HISTORICAL DIAGNOSIS|FALL^VERBATIM_0992,3
GOUT~SIGNIFICANT PRE-EXISTING CONDITION|GOUT^VERBATIM_0980,3
HERNIA REPAIR~HISTORICAL DIAGNOSIS|HERNIA REPAIR^VERBATIM_0722,3
HERNIA REPAIR~HISTORICAL DIAGNOSIS|HERNIA REPAIR^VERBATIM_1438,3
HYPOACUSIS~SIGNIFICANT PRE-EXISTING CONDITION|HARD OF HEARING^VERBATIM_0355,3
HYPOACUSIS~SIGNIFICANT PRE-EXISTING CONDITION|HEARING DECREASED^VERBATIM_0786,3
HYPOTHYROIDISM~SIGNIFICANT PRE-EXISTING CONDITION|HYPOTHYROIDISM^VERBATIM_0692,3
INSOMNIA~SIGNIFICANT PRE-EXISTING CONDITION|INSOMNIA^VERBATIM_0377,3
INTERVERTEBRAL DISC PROTRUSION~HISTORICAL DIAGNOSIS|RUPTURED INTERVERTEBRAL DISC^VERBATIM_0241,3
MYOCARDIAL INFARCTION~HISTORICAL DIAGNOSIS|MYOCARDIAL INFARCT^VERBATIM_0737,3
OEDEMA~SIGNIFICANT PRE-EXISTING CONDITION|EDEMA^VERBATIM_0351,3
RECTAL HAEMORRHAGE~HISTORICAL DIAGNOSIS|RECTAL BLEEDING^VERBATIM_0250,3
SEBORRHOEIC DERMATITIS~SIGNIFICANT PRE-EXISTING CONDITION|SEBORRHEIC DERMATITIS^VERBATIM_1467,3
ABDOMINAL HERNIA~SIGNIFICANT PRE-EXISTING CONDITION|VENTRAL HERNIA^VERBATIM_0040,2
ANAEMIA~SIGNIFICANT PRE-EXISTING CONDITION|ANEMIA^VERBATIM_0120,2
ANAL FISTULA~HISTORICAL DIAGNOSIS|ANAL FISTULA^VERBATIM_0598,2
ANGINA PECTORIS~HISTORICAL DIAGNOSIS|ANGINA PECTORIS^VERBATIM_1007,2
ANGINA PECTORIS~SIGNIFICANT PRE-EXISTING CONDITION|ANGINA PECTORIS^VERBATIM_1496,2
ANGIOPLASTY~HISTORICAL DIAGNOSIS|ANGIOPLASTY^VERBATIM_1440,2
ATRIOVENTRICULAR BLOCK FIRST DEGREE~SIGNIFICANT PRE-EXISTING CONDITION|FIRST DEGREE ATRIOVENTRICULAR BLOCK^VERBATIM_1564,2
BLADDER PROLAPSE~HISTORICAL DIAGNOSIS|BLADDER PROLAPSE^VERBATIM_0815,2
BRADYCARDIA~SIGNIFICANT PRE-EXISTING CONDITION|BRADYCARDIA^VERBATIM_0125,2
BREAST CANCER~HISTORICAL DIAGNOSIS|BREAST CANCER^VERBATIM_1390,2
BUNDLE BRANCH BLOCK LEFT~SIGNIFICANT PRE-EXISTING CONDITION|LEFT ANTERIOR HEMIBLOCK^VERBATIM_0559,2
CAESAREAN SECTION~HISTORICAL DIAGNOSIS|CESAREAN SECTION^VERBATIM_0531,2
CARDIAC MURMUR~SIGNIFICANT PRE-EXISTING CONDITION|SYSTOLIC MURMUR^VERBATIM_1082,2
CARDIAC MURMUR~SIGNIFICANT PRE-EXISTING CONDITION|SYSTOLIC MURMUR^VERBATIM_1220,2
CAROTID BRUIT~SIGNIFICANT PRE-EXISTING CONDITION|CAROTID BRUIT^VERBATIM_0237,2
CATARACT OPERATION~HISTORICAL DIAGNOSIS|CATARACT EXTRACTION^VERBATIM_1581,2
CATARACT OPERATION~HISTORICAL DIAGNOSIS|CATARACT OPERATION^VERBATIM_0058,2
CATARACT OPERATION~HISTORICAL DIAGNOSIS|CATARACT OPERATION^VERBATIM_0881,2
CATARACT OPERATION~HISTORICAL DIAGNOSIS|CATARACT OPERATION^VERBATIM_1687,2
CATHETERISATION CARDIAC~HISTORICAL DIAGNOSIS|CARDIAC CATHETERIZATION^VERBATIM_1345,2
CHOLELITHIASIS~HISTORICAL DIAGNOSIS|GALLBLADDER STONES^VERBATIM_0539,2
COLONIC POLYP~HISTORICAL DIAGNOSIS|COLONIC POLYP^VERBATIM_1330,2
CONVULSION~HISTORICAL DIAGNOSIS|SEIZURE^VERBATIM_0399,2
COUGH~SIGNIFICANT PRE-EXISTING CONDITION|COUGH^VERBATIM_1421,2
DENTURE WEARER~SIGNIFICANT PRE-EXISTING CONDITION|DENTURE WEARER^VERBATIM_0773,2
DENTURE WEARER~SIGNIFICANT PRE-EXISTING CONDITION|DENTURE WEARER^VERBATIM_1022,2
DEPRESSION~HISTORICAL DIAGNOSIS|DEPRESSION^VERBATIM_0432,2
DIABETES MELLITUS~SIGNIFICANT PRE-EXISTING CONDITION|DIABETES MELLITUS^VERBATIM_1403,2
DIVERTICULITIS~HISTORICAL DIAGNOSIS|DIVERTICULITIS^VERBATIM_0616,2
DIVERTICULUM~HISTORICAL DIAGNOSIS|DIVERTICULOSIS^VERBATIM_1023,2
DIVERTICULUM~SIGNIFICANT PRE-EXISTING CONDITION|DIVERTICULOSIS^VERBATIM_0102,2
DIZZINESS~HISTORICAL DIAGNOSIS|DIZZINESS^VERBATIM_1533,2
DIZZINESS~SIGNIFICANT PRE-EXISTING CONDITION|DIZZINESS^VERBATIM_0004,2
ELECTROCARDIOGRAM ST SEGMENT ELEVATION~SIGNIFICANT PRE-EXISTING CONDITION|ST SEGMENT ELEVATED^VERBATIM_0806,2
ELECTROCARDIOGRAM T WAVE INVERSION~SIGNIFICANT PRE-EXISTING CONDITION|INVERTED T WAVES^VERBATIM_0882,2
ERECTILE DYSFUNCTION~SIGNIFICANT PRE-EXISTING CONDITION|IMPOTENCE^VERBATIM_1211,2
GONORRHOEA~HISTORICAL DIAGNOSIS|GONORRHEA^VERBATIM_1475,2
HAEMORRHOIDS~SIGNIFICANT PRE-EXISTING CONDITION|HEMORRHOIDS^VERBATIM_0267,2
HEAD INJURY~HISTORICAL DIAGNOSIS|HEAD INJURY^VERBATIM_0655,2
HEADACHE~SIGNIFICANT PRE-EXISTING CONDITION|HEADACHE^VERBATIM_0088,2
HEPATITIS~HISTORICAL DIAGNOSIS|HEPATITIS^VERBATIM_1590,2
HERPES SIMPLEX~SIGNIFICANT PRE-EXISTING CONDITION|GENITAL HERPES^VERBATIM_0162,2
HERPES ZOSTER~HISTORICAL DIAGNOSIS|SHINGLES^VERBATIM_0714,2
HIATUS HERNIA~HISTORICAL DIAGNOSIS|HIATAL HERNIA^VERBATIM_0699,2
HIP ARTHROPLASTY~HISTORICAL DIAGNOSIS|HIP REPLACEMENT^VERBATIM_0637,2
HIP SURGERY~HISTORICAL DIAGNOSIS|HIP SURGERY^VERBATIM_0474,2
HYPERCHOLESTEROLAEMIA~SIGNIFICANT PRE-EXISTING CONDITION|HYPERCHOLESTEREMIA^VERBATIM_1272,2
HYPERTENSION~SIGNIFICANT PRE-EXISTING CONDITION|BLOOD PRESSURE HIGH^VERBATIM_0007,2
HYPOACUSIS~SIGNIFICANT PRE-EXISTING CONDITION|HEARING DECREASED^VERBATIM_0584,2
KNEE ARTHROPLASTY~HISTORICAL DIAGNOSIS|KNEE TOTAL REPLACEMENT^VERBATIM_0720,2
KYPHOSIS~SIGNIFICANT PRE-EXISTING CONDITION|KYPHOSIS^VERBATIM_1292,2
MALIGNANT TUMOUR EXCISION~HISTORICAL DIAGNOSIS|MALIGNANT TUMOUR EXCISION^VERBATIM_1696,2
MENOPAUSE~HISTORICAL DIAGNOSIS|MENOPAUSE^VERBATIM_1009,2
MITRAL VALVE PROLAPSE~SIGNIFICANT PRE-EXISTING CONDITION|MITRAL VALVE PROLAPSE^VERBATIM_1428,2
MULTIPLE ALLERGIES~SIGNIFICANT PRE-EXISTING CONDITION|MULTIPLE ALLERGIES^VERBATIM_0694,2
MYALGIA~SIGNIFICANT PRE-EXISTING CONDITION|MUSCULAR PAIN^VERBATIM_0461,2
MYOCARDIAL INFARCTION~HISTORICAL DIAGNOSIS|HEART ATTACK^VERBATIM_0954,2
MYOCARDIAL INFARCTION~SIGNIFICANT PRE-EXISTING CONDITION|INFERIOR MYOCARDIAL INFARCTION^VERBATIM_1258,2
MYOCARDIAL INFARCTION~SIGNIFICANT PRE-EXISTING CONDITION|MYOCARDIAL INFARCTION^VERBATIM_1635,2
MYOCARDIAL INFARCTION~SIGNIFICANT PRE-EXISTING CONDITION|SEPTAL MYOCARDIAL INFARCTION^VERBATIM_0051,2
NEPHROLITHIASIS~HISTORICAL DIAGNOSIS|KIDNEY STONE^VERBATIM_1560,2
NOCTURIA~SIGNIFICANT PRE-EXISTING CONDITION|NOCTURIA^VERBATIM_0014,2
OEDEMA PERIPHERAL~SIGNIFICANT PRE-EXISTING CONDITION|ANKLE EDEMA^VERBATIM_0640,2
OESOPHAGEAL SPASM~HISTORICAL DIAGNOSIS|ESOPHAGEAL SPASM^VERBATIM_1117,2
OOPHORECTOMY PARTIAL~HISTORICAL DIAGNOSIS|PARTIAL OOPHORECTOMY^VERBATIM_0198,2
ORCHIDECTOMY~HISTORICAL DIAGNOSIS|ORCHIECTOMY^VERBATIM_0665,2
OSTEITIS DEFORMANS~SIGNIFICANT PRE-EXISTING CONDITION|PAGET'S DISEASE^VERBATIM_1424,2
OSTEOARTHRITIS~SIGNIFICANT PRE-EXISTING CONDITION|DEGENERATIVE JOINT DISEASE^VERBATIM_0496,2
PAIN IN EXTREMITY~SIGNIFICANT PRE-EXISTING CONDITION|LEG PAIN^VERBATIM_1175,2
PHARYNGOLARYNGEAL PAIN~HISTORICAL DIAGNOSIS|SORE THROAT^VERBATIM_1230,2
PLEURISY~HISTORICAL DIAGNOSIS|PLEURISY^VERBATIM_1594,2
POLYARTHRITIS~SIGNIFICANT PRE-EXISTING CONDITION|POLYARTHRITIS^VERBATIM_0261,2
POLYARTHRITIS~SIGNIFICANT PRE-EXISTING CONDITION|POLYARTHRITIS^VERBATIM_1491,2
PROSTATE CANCER~HISTORICAL DIAGNOSIS|PROSTATE CANCER^VERBATIM_0154,2
PROSTATIC OPERATION~HISTORICAL DIAGNOSIS|PROSTATIC OPERATION^VERBATIM_1363,2
RHEUMATIC FEVER~HISTORICAL DIAGNOSIS|RHEUMATIC FEVER^VERBATIM_0433,2
RHEUMATOID ARTHRITIS~SIGNIFICANT PRE-EXISTING CONDITION|RHEUMATOID ARTHRITIS^VERBATIM_1662,2
SHOULDER ARTHROPLASTY~HISTORICAL DIAGNOSIS|ACROMIOPLASTY^VERBATIM_0500,2
SKIN GRAFT~HISTORICAL DIAGNOSIS|SKIN GRAFT NOS^VERBATIM_1737,2
SURGERY~HISTORICAL DIAGNOSIS|BACK SURGERY^VERBATIM_0407,2
TOOTH EXTRACTION~HISTORICAL DIAGNOSIS|TOOTH EXTRACTION^VERBATIM_1738,2
UPPER RESPIRATORY TRACT INFECTION~HISTORICAL DIAGNOSIS|UPPER RESPIRATORY INFECTION^VERBATIM_0579,2
VASCULAR BYPASS GRAFT~HISTORICAL DIAGNOSIS|BYPASS SURGERY^VERBATIM_0054,2
VENTRICULAR SEPTAL DEFECT~SIGNIFICANT PRE-EXISTING CONDITION|VENTRICULAR SEPTAL DEFECT^VERBATIM_1723,2
VERTIGO~HISTORICAL DIAGNOSIS|VERTIGO^VERBATIM_0046,2
VERTIGO~HISTORICAL DIAGNOSIS|VERTIGO^VERBATIM_1703,2
VITAMIN B12 DEFICIENCY~SIGNIFICANT PRE-EXISTING CONDITION|VITAMIN B12 DEFICIENCY^VERBATIM_0171,2
VITAMIN B12 DEFICIENCY~SIGNIFICANT PRE-EXISTING CONDITION|VITAMIN B12 DEFICIENCY^VERBATIM_0398,2
WEIGHT DECREASED~HISTORICAL DIAGNOSIS|WEIGHT LOSS^VERBATIM_0293,2
ABDOMINAL ADHESIONS~HISTORICAL DIAGNOSIS|INTESTINAL ADHESIONS^VERBATIM_1404,1
ABDOMINAL DISCOMFORT~HISTORICAL DIAGNOSIS|ABDOMINAL DISCOMFORT^VERBATIM_0821,1
ABDOMINAL DISCOMFORT~SIGNIFICANT PRE-EXISTING CONDITION|GASTROINTESTINAL DISCOMFORT^VERBATIM_0307,1
ABDOMINAL PAIN~HISTORICAL DIAGNOSIS|ABDOMINAL PAIN^VERBATIM_0554,1
ABDOMINAL PAIN~SIGNIFICANT PRE-EXISTING CONDITION|ABDOMINAL PAIN^VERBATIM_1385,1
ABORTION~HISTORICAL DIAGNOSIS|ABORTION^VERBATIM_0435,1
ABSCESS DRAINAGE~HISTORICAL DIAGNOSIS|LUNG ABSCESS DRAINAGE^VERBATIM_1084,1
ACCIDENT~HISTORICAL DIAGNOSIS|ACCIDENT^VERBATIM_0242,1
ACROCHORDON~HISTORICAL DIAGNOSIS|SKIN TAGS^VERBATIM_0846,1
ACTINIC KERATOSIS~HISTORICAL DIAGNOSIS|ACTINIC KERATOSIS^VERBATIM_1160,1
ACTINIC KERATOSIS~SIGNIFICANT PRE-EXISTING CONDITION|ACTINIC KERATOSIS^VERBATIM_0570,1
ACTINIC KERATOSIS~SIGNIFICANT PRE-EXISTING CONDITION|ACTINIC KERATOSIS^VERBATIM_0999,1
ACTINIC KERATOSIS~SIGNIFICANT PRE-EXISTING CONDITION|ACTINIC KERATOSIS^VERBATIM_1232,1
ALOPECIA AREATA~SIGNIFICANT PRE-EXISTING CONDITION|ALOPECIA AREATA^VERBATIM_0003,1
ALOPECIA~SIGNIFICANT PRE-EXISTING CONDITION|HAIR LOSS^VERBATIM_1197,1
ANAEMIA~HISTORICAL DIAGNOSIS|ANEMIA^VERBATIM_0033,1
ANAEMIA~HISTORICAL DIAGNOSIS|ANEMIA^VERBATIM_0120,1
ANAL FISTULA~HISTORICAL DIAGNOSIS|RECTAL FISTULA^VERBATIM_1133,1
ANGINA PECTORIS~SIGNIFICANT PRE-EXISTING CONDITION|ANGINA PECTORIS^VERBATIM_0176,1
ANGINA PECTORIS~SIGNIFICANT PRE-EXISTING CONDITION|ANGINA PECTORIS^VERBATIM_0746,1
ANGIOGRAM~HISTORICAL DIAGNOSIS|ANGIOGRAM^VERBATIM_1210,1
ANKLE FRACTURE~HISTORICAL DIAGNOSIS|ANKLE FRACTURE^VERBATIM_0146,1
ANKLE FRACTURE~HISTORICAL DIAGNOSIS|ANKLE FRACTURE^VERBATIM_1463,1
ANOREXIA~HISTORICAL DIAGNOSIS|ANOREXIA^VERBATIM_0997,1
ANOSMIA~SIGNIFICANT PRE-EXISTING CONDITION|ANOSMIA^VERBATIM_1482,1
ANXIETY~HISTORICAL DIAGNOSIS|ANXIETY^VERBATIM_1280,1
ANXIETY~SIGNIFICANT PRE-EXISTING CONDITION|ANXIETY ATTACK^VERBATIM_1033,1
AORTIC ANEURYSM REPAIR~HISTORICAL DIAGNOSIS|AORTIC ANEURYSM REPAIR^VERBATIM_0369,1
AORTIC ANEURYSM REPAIR~HISTORICAL DIAGNOSIS|AORTIC ANEURYSM REPAIR^VERBATIM_0994,1
AORTIC ATHEROSCLEROSIS~SIGNIFICANT PRE-EXISTING CONDITION|AORTIC ATHEROSCLEROSIS^VERBATIM_0957,1
AORTIC STENOSIS~SIGNIFICANT PRE-EXISTING CONDITION|AORTIC STENOSIS^VERBATIM_1100,1
AORTIC VALVE REPLACEMENT~HISTORICAL DIAGNOSIS|AORTIC VALVE REPLACEMENT^VERBATIM_0511,1
APPENDICITIS~HISTORICAL DIAGNOSIS|APPENDICITIS^VERBATIM_0788,1
AREFLEXIA~SIGNIFICANT PRE-EXISTING CONDITION|ABSENT ANKLE JERK^VERBATIM_0891,1
AREFLEXIA~SIGNIFICANT PRE-EXISTING CONDITION|ABSENT ANKLE JERK^VERBATIM_1001,1
ARRHYTHMIA~HISTORICAL DIAGNOSIS|ARRHYTHMIA^VERBATIM_0030,1
ARRHYTHMIA~HISTORICAL DIAGNOSIS|ARRHYTHMIA^VERBATIM_1045,1
ARTERIOSCLEROSIS~SIGNIFICANT PRE-EXISTING CONDITION|ARTERIOSCLEROSIS^VERBATIM_0410,1
ARTHRALGIA~HISTORICAL DIAGNOSIS|PAIN IN HIP^VERBATIM_0987,1
ARTHRALGIA~SIGNIFICANT PRE-EXISTING CONDITION|JOINT PAIN^VERBATIM_0491,1
ARTHRALGIA~SIGNIFICANT PRE-EXISTING CONDITION|KNEE PAIN^VERBATIM_0287,1
ARTHRALGIA~SIGNIFICANT PRE-EXISTING CONDITION|KNEE PAIN^VERBATIM_0672,1
ARTHRALGIA~SIGNIFICANT PRE-EXISTING CONDITION|KNEE PAIN^VERBATIM_0733,1
ARTHRALGIA~SIGNIFICANT PRE-EXISTING CONDITION|KNEE PAIN^VERBATIM_1441,1
ARTHRALGIA~SIGNIFICANT PRE-EXISTING CONDITION|PAIN IN HIP^VERBATIM_0109,1
ARTHRALGIA~SIGNIFICANT PRE-EXISTING CONDITION|PAIN IN HIP^VERBATIM_1327,1
ARTHRITIS~SIGNIFICANT PRE-EXISTING CONDITION|ARTHRITIS^VERBATIM_0094,1
ARTHRITIS~SIGNIFICANT PRE-EXISTING CONDITION|ARTHRITIS^VERBATIM_0676,1
ARTHRITIS~SIGNIFICANT PRE-EXISTING CONDITION|ARTHRITIS^VERBATIM_0687,1
ARTHRITIS~SIGNIFICANT PRE-EXISTING CONDITION|ARTHRITIS^VERBATIM_0753,1
ARTHRITIS~SIGNIFICANT PRE-EXISTING CONDITION|ARTHRITIS^VERBATIM_0763,1
ARTHRITIS~SIGNIFICANT PRE-EXISTING CONDITION|ARTHRITIS^VERBATIM_1048,1
ARTHRITIS~SIGNIFICANT PRE-EXISTING CONDITION|ARTHRITIS^VERBATIM_1245,1
ARTHRITIS~SIGNIFICANT PRE-EXISTING CONDITION|ARTHRITIS^VERBATIM_1493,1
ARTHRITIS~SIGNIFICANT PRE-EXISTING CONDITION|ARTHRITIS^VERBATIM_1686,1
ARTHROSCOPY~HISTORICAL DIAGNOSIS|ARTHROSCOPY R KNEE^VERBATIM_1380,1
ASTHMA~HISTORICAL DIAGNOSIS|ASTHMA^VERBATIM_1097,1
ATHEROSCLEROSIS~SIGNIFICANT PRE-EXISTING CONDITION|ATHEROSCLEROSIS^VERBATIM_0568,1
ATRIAL FIBRILLATION~SIGNIFICANT PRE-EXISTING CONDITION|ATRIAL FIBRILLATION^VERBATIM_0402,1
ATRIAL TACHYCARDIA~SIGNIFICANT PRE-EXISTING CONDITION|PAROXYSMAL ATRIAL TACHYCARDIA^VERBATIM_1472,1
ATRIOVENTRICULAR BLOCK FIRST DEGREE~SIGNIFICANT PRE-EXISTING CONDITION|ATRIOVENTRICULAR BLOCK FIRST DEGREE^VERBATIM_1410,1
ATRIOVENTRICULAR BLOCK~HISTORICAL DIAGNOSIS|HEART BLOCK^VERBATIM_0614,1
ATRIOVENTRICULAR BLOCK~SIGNIFICANT PRE-EXISTING CONDITION|BLOCK HEART^VERBATIM_1619,1
BACK PAIN~HISTORICAL DIAGNOSIS|LOW BACK PAIN^VERBATIM_0291,1
BACK PAIN~HISTORICAL DIAGNOSIS|UPPER BACK PAIN^VERBATIM_1405,1
BACK PAIN~SIGNIFICANT PRE-EXISTING CONDITION|BACK PAIN^VERBATIM_1269,1
BACK PAIN~SIGNIFICANT PRE-EXISTING CONDITION|BACKACHE^VERBATIM_1742,1
BACK PAIN~SIGNIFICANT PRE-EXISTING CONDITION|LOW BACK PAIN^VERBATIM_1781,1
BALANCE DISORDER~SIGNIFICANT PRE-EXISTING CONDITION|BALANCE DIFFICULTY^VERBATIM_0165,1
BASAL CELL CARCINOMA~HISTORICAL DIAGNOSIS|BASAL CELL CARCINOMA^VERBATIM_0187,1
BASAL CELL CARCINOMA~HISTORICAL DIAGNOSIS|BASAL CELL CARCINOMA^VERBATIM_0774,1
BASAL CELL CARCINOMA~HISTORICAL DIAGNOSIS|BASAL CELL CARCINOMA^VERBATIM_1288,1
BASAL CELL CARCINOMA~SIGNIFICANT PRE-EXISTING CONDITION|BASAL CELL CARCINOMA^VERBATIM_0951,1
BENIGN BREAST LUMP REMOVAL~HISTORICAL DIAGNOSIS|BENIGN BREAST LUMP REMOVAL^VERBATIM_0311,1
BENIGN NEOPLASM OF EYE~SIGNIFICANT PRE-EXISTING CONDITION|BENIGN NEOPLASM OF EYE^VERBATIM_1604,1
BENIGN PROSTATIC HYPERPLASIA~HISTORICAL DIAGNOSIS|PROSTATIC HYPERTROPHY^VERBATIM_1116,1
BENIGN PROSTATIC HYPERPLASIA~SIGNIFICANT PRE-EXISTING CONDITION|BENIGN PROSTATIC HYPERTROPHY^VERBATIM_0138,1
BENIGN PROSTATIC HYPERPLASIA~SIGNIFICANT PRE-EXISTING CONDITION|BENIGN PROSTATIC HYPERTROPHY^VERBATIM_1521,1
BENIGN PROSTATIC HYPERPLASIA~SIGNIFICANT PRE-EXISTING CONDITION|BENIGN PROSTATIC HYPERTROPHY^VERBATIM_1618,1
BENIGN PROSTATIC HYPERPLASIA~SIGNIFICANT PRE-EXISTING CONDITION|ENLARGED PROSTATE^VERBATIM_1348,1
BENIGN PROSTATIC HYPERPLASIA~SIGNIFICANT PRE-EXISTING CONDITION|ENLARGED PROSTATE^VERBATIM_1646,1
BENIGN PROSTATIC HYPERPLASIA~SIGNIFICANT PRE-EXISTING CONDITION|PROSTATIC HYPERTROPHY^VERBATIM_0194,1
BENIGN TUMOUR EXCISION~HISTORICAL DIAGNOSIS|BENIGN TUMOR EXCISION^VERBATIM_1353,1
BIOPSY BREAST NORMAL~HISTORICAL DIAGNOSIS|BIOPSY BREAST NORMAL^VERBATIM_0422,1
BIOPSY BREAST NORMAL~HISTORICAL DIAGNOSIS|BIOPSY BREAST NORMAL^VERBATIM_1370,1
BIOPSY BREAST NORMAL~HISTORICAL DIAGNOSIS|BIOPSY BREAST NORMAL^VERBATIM_1534,1
BIOPSY BREAST NORMAL~HISTORICAL DIAGNOSIS|BREAST BIOPSY NORMAL^VERBATIM_0717,1
BIOPSY BREAST~HISTORICAL DIAGNOSIS|BIOPSY BREAST^VERBATIM_1365,1
BIOPSY LUNG~HISTORICAL DIAGNOSIS|LUNG BIOPSY^VERBATIM_1553,1
BIOPSY PROSTATE NORMAL~HISTORICAL DIAGNOSIS|BIOPSY PROSTATE NORMAL^VERBATIM_0963,1
BIOPSY PROSTATE NORMAL~HISTORICAL DIAGNOSIS|BIOPSY PROSTATE NORMAL^VERBATIM_1170,1
BIOPSY PROSTATE NORMAL~HISTORICAL DIAGNOSIS|BIOPSY PROSTATE NORMAL^VERBATIM_1431,1
BIOPSY PROSTATE~HISTORICAL DIAGNOSIS|BIOPSY OF PROSTATE^VERBATIM_1681,1
BIOPSY SKIN~HISTORICAL DIAGNOSIS|BIOPSY OF SKIN LESION^VERBATIM_1628,1
BLADDER NEOPLASM SURGERY~HISTORICAL DIAGNOSIS|BLADDER TUMOR RESECTION^VERBATIM_0834,1
BLADDER PROLAPSE~HISTORICAL DIAGNOSIS|BLADDER PROLAPSE^VERBATIM_0764,1
BLADDER REPAIR~HISTORICAL DIAGNOSIS|BLADDER REPAIR^VERBATIM_0988,1
"BLINDNESS UNILATERAL~HISTORICAL DIAGNOSIS|UNQUALIFIED VISUAL LOSS, ONE EYE^VERBATIM_0642",1
"BLINDNESS UNILATERAL~SIGNIFICANT PRE-EXISTING CONDITION|UNQUALIFIED VISUAL LOSS, ONE EYE^VERBATIM_0642",1
BLOOD CHOLESTEROL INCREASED~HISTORICAL DIAGNOSIS|HIGH CHOLESTEROL^VERBATIM_1044,1
BLOOD PRESSURE INCREASED~HISTORICAL DIAGNOSIS|BLOOD PRESSURE INCREASED^VERBATIM_1680,1
BOWEL MOVEMENT IRREGULARITY~SIGNIFICANT PRE-EXISTING CONDITION|BOWEL MOVEMENT IRREGULARITY^VERBATIM_0540,1
BRADYCARDIA~HISTORICAL DIAGNOSIS|BRADYCARDIA^VERBATIM_0125,1
BRAIN OPERATION~HISTORICAL DIAGNOSIS|BRAIN OPERATION^VERBATIM_1642,1
BREAST CANCER~HISTORICAL DIAGNOSIS|BREAST CANCER^VERBATIM_1506,1
BREAST COSMETIC SURGERY~HISTORICAL DIAGNOSIS|BREAST REDUCTION^VERBATIM_1515,1
BREAST CYST~HISTORICAL DIAGNOSIS|BREAST CYST^VERBATIM_1793,1
BREAST LUMP REMOVAL~HISTORICAL DIAGNOSIS|BREAST LUMP REMOVAL^VERBATIM_0305,1
BREAST LUMP REMOVAL~HISTORICAL DIAGNOSIS|BREAST LUMP REMOVAL^VERBATIM_0768,1
BUNDLE BRANCH BLOCK LEFT~SIGNIFICANT PRE-EXISTING CONDITION|LEFT ANTERIOR HEMIBLOCK^VERBATIM_0903,1
BUNDLE BRANCH BLOCK RIGHT~SIGNIFICANT PRE-EXISTING CONDITION|INCOMPLETE RIGHT BUNDLE BRANCH BLOCK^VERBATIM_0100,1
BUNION~HISTORICAL DIAGNOSIS|BUNION^VERBATIM_1182,1
BUNION~SIGNIFICANT PRE-EXISTING CONDITION|BUNION^VERBATIM_1355,1
BURSITIS~SIGNIFICANT PRE-EXISTING CONDITION|TROCHANTERIC BURSITIS^VERBATIM_0901,1
CARDIAC DISORDER~SIGNIFICANT PRE-EXISTING CONDITION|CARDIAC DISORDER^VERBATIM_0572,1
CARDIAC FAILURE CONGESTIVE~HISTORICAL DIAGNOSIS|CONGESTIVE HEART FAILURE^VERBATIM_0082,1
CARDIAC MURMUR~SIGNIFICANT PRE-EXISTING CONDITION|HOLOSYSTOLIC MURMUR^VERBATIM_0359,1
CARDIAC MURMUR~SIGNIFICANT PRE-EXISTING CONDITION|SYSTOLIC MURMUR^VERBATIM_0092,1
CARDIAC MURMUR~SIGNIFICANT PRE-EXISTING CONDITION|SYSTOLIC MURMUR^VERBATIM_1189,1
CARDIAC PACEMAKER INSERTION~HISTORICAL DIAGNOSIS|CARDIAC PACEMAKER INSERTION^VERBATIM_0941,1
CARDIAC PACEMAKER INSERTION~SIGNIFICANT PRE-EXISTING CONDITION|CARDIAC PACEMAKER INSERTION^VERBATIM_0220,1
CARDIAC VALVE DISEASE~SIGNIFICANT PRE-EXISTING CONDITION|HEART VALVE DISORDERS^VERBATIM_0799,1
CARDIOVASCULAR DISORDER~SIGNIFICANT PRE-EXISTING CONDITION|DISORDER CIRCULATORY SYSTEM^VERBATIM_0083,1
CAROTID ENDARTERECTOMY~HISTORICAL DIAGNOSIS|CAROTID ENDARTERECTOMY^VERBATIM_0321,1
CAROTID ENDARTERECTOMY~HISTORICAL DIAGNOSIS|CAROTID ENDARTERECTOMY^VERBATIM_0635,1
CARPAL TUNNEL DECOMPRESSION~HISTORICAL DIAGNOSIS|CARPAL TUNNEL DECOMPRESSION^VERBATIM_0203,1
CARPAL TUNNEL DECOMPRESSION~HISTORICAL DIAGNOSIS|CARPAL TUNNEL DECOMPRESSION^VERBATIM_0849,1
CATARACT OPERATION~HISTORICAL DIAGNOSIS|CATARACT EXTRACTION^VERBATIM_1104,1
CATARACT OPERATION~HISTORICAL DIAGNOSIS|CATARACT EXTRACTION^VERBATIM_1517,1
CATARACT OPERATION~HISTORICAL DIAGNOSIS|CATARACT OPERATION^VERBATIM_0099,1
CATARACT OPERATION~HISTORICAL DIAGNOSIS|CATARACT OPERATION^VERBATIM_0144,1
CATARACT OPERATION~HISTORICAL DIAGNOSIS|CATARACT OPERATION^VERBATIM_0514,1
CATARACT OPERATION~HISTORICAL DIAGNOSIS|CATARACT OPERATION^VERBATIM_0675,1
CATARACT OPERATION~HISTORICAL DIAGNOSIS|CATARACT OPERATION^VERBATIM_0747,1
CATARACT OPERATION~HISTORICAL DIAGNOSIS|CATARACT OPERATION^VERBATIM_0823,1
CATARACT OPERATION~HISTORICAL DIAGNOSIS|CATARACT OPERATION^VERBATIM_0977,1
CATARACT OPERATION~HISTORICAL DIAGNOSIS|CATARACT OPERATION^VERBATIM_1388,1
CATARACT OPERATION~HISTORICAL DIAGNOSIS|CATARACT OPERATION^VERBATIM_1578,1
CATARACT OPERATION~HISTORICAL DIAGNOSIS|CATARACT OPERATION^VERBATIM_1637,1
CATARACT OPERATION~HISTORICAL DIAGNOSIS|LEFT CATARACT EXTRACTION^VERBATIM_1705,1
CATARACT OPERATION~HISTORICAL DIAGNOSIS|RIGHT CATARACT EXTRACTION^VERBATIM_0371,1
CATARACT OPERATION~HISTORICAL DIAGNOSIS|RIGHT CATARACT EXTRACTION^VERBATIM_1300,1
CATARACT OPERATION~HISTORICAL DIAGNOSIS|RIGHT CATARACT EXTRACTION^VERBATIM_1746,1
CATARACT~HISTORICAL DIAGNOSIS|BILATERAL CATARACTS^VERBATIM_0392,1
CATARACT~HISTORICAL DIAGNOSIS|CATARACT (RIGHT)^VERBATIM_0840,1
CATARACT~HISTORICAL DIAGNOSIS|CATARACTS^VERBATIM_0884,1
CATARACT~SIGNIFICANT PRE-EXISTING CONDITION|BILATERAL CATARACTS^VERBATIM_0097,1
CATARACT~SIGNIFICANT PRE-EXISTING CONDITION|CATARACT (LEFT)^VERBATIM_0260,1
CATARACT~SIGNIFICANT PRE-EXISTING CONDITION|CATARACTS^VERBATIM_1340,1
CATARACT~SIGNIFICANT PRE-EXISTING CONDITION|CATARACTS^VERBATIM_1761,1
CATARACT~SIGNIFICANT PRE-EXISTING CONDITION|LEFT CATARACT^VERBATIM_0376,1
CATARACT~SIGNIFICANT PRE-EXISTING CONDITION|RIGHT CATARACT^VERBATIM_1333,1
CATARACT~SIGNIFICANT PRE-EXISTING CONDITION|RIGHT CATARACT^VERBATIM_1361,1
CELLULITIS~HISTORICAL DIAGNOSIS|CELLULITIS OF FOOT^VERBATIM_0073,1
CEREBRAL HAEMORRHAGE~HISTORICAL DIAGNOSIS|CEREBRAL HEMORRHAGE^VERBATIM_0419,1
CERUMEN IMPACTION~SIGNIFICANT PRE-EXISTING CONDITION|CERUMEN IMPACTION^VERBATIM_0946,1
CERUMEN IMPACTION~SIGNIFICANT PRE-EXISTING CONDITION|WAX IN EAR^VERBATIM_0225,1
CERVICAL MYELOPATHY~HISTORICAL DIAGNOSIS|CERVICAL MYELOPATHY^VERBATIM_0508,1
CERVICAL VERTEBRAL FRACTURE~HISTORICAL DIAGNOSIS|CERVICAL VERTEBRAL FRACTURE^VERBATIM_0117,1
CERVICOBRACHIAL SYNDROME~SIGNIFICANT PRE-EXISTING CONDITION|CERVICAL RADICULOPATHY^VERBATIM_1718,1
CHEMOTHERAPY~HISTORICAL DIAGNOSIS|CHEMOTHERAPY^VERBATIM_1788,1
CHEST PAIN~HISTORICAL DIAGNOSIS|CHEST PAIN^VERBATIM_0189,1
CHOKING~SIGNIFICANT PRE-EXISTING CONDITION|CHOKED ON FOOD^VERBATIM_0850,1
CHOLECYSTECTOMY~HISTORICAL DIAGNOSIS|CHOLECYSTECTOMY^VERBATIM_0855,1
CHOLECYSTECTOMY~HISTORICAL DIAGNOSIS|CHOLECYSTECTOMY^VERBATIM_1394,1
CHOLECYSTECTOMY~HISTORICAL DIAGNOSIS|CHOLECYSTECTOMY^VERBATIM_1795,1
CHOLELITHIASIS~HISTORICAL DIAGNOSIS|CHOLELITHIASIS^VERBATIM_1423,1
CHOLELITHIASIS~SIGNIFICANT PRE-EXISTING CONDITION|CHOLELITHIASIS^VERBATIM_0228,1
CHONDROPATHY~HISTORICAL DIAGNOSIS|CARTILAGE DISORDER^VERBATIM_0452,1
CHRONIC OBSTRUCTIVE PULMONARY DISEASE~SIGNIFICANT PRE-EXISTING CONDITION|COPD^VERBATIM_0652,1
CLAUSTROPHOBIA~SIGNIFICANT PRE-EXISTING CONDITION|CLAUSTROPHOBIA^VERBATIM_1660,1
CLAVICLE FRACTURE~HISTORICAL DIAGNOSIS|CLAVICLE FRACTURE^VERBATIM_0337,1
COLECTOMY~HISTORICAL DIAGNOSIS|COLECTOMY^VERBATIM_0288,1
COLECTOMY~HISTORICAL DIAGNOSIS|COLECTOMY^VERBATIM_0393,1
COLECTOMY~HISTORICAL DIAGNOSIS|COLECTOMY^VERBATIM_1120,1
COLITIS ULCERATIVE~HISTORICAL DIAGNOSIS|ULCERATIVE COLITIS^VERBATIM_0759,1
COLON POLYPECTOMY~HISTORICAL DIAGNOSIS|COLON POLYPECTOMY^VERBATIM_1462,1
COMPRESSION FRACTURE~HISTORICAL DIAGNOSIS|COMPRESSION FRACTURE^VERBATIM_1600,1
CONFUSIONAL STATE~SIGNIFICANT PRE-EXISTING CONDITION|CONFUSION^VERBATIM_1524,1
CONFUSIONAL STATE~SIGNIFICANT PRE-EXISTING CONDITION|NOCTURNAL CONFUSION^VERBATIM_1644,1
CONJUNCTIVAL DISCOLOURATION~SIGNIFICANT PRE-EXISTING CONDITION|CONJUNCTIVAL DISCOLORATION^VERBATIM_1808,1
CONSTIPATION~HISTORICAL DIAGNOSIS|CONSTIPATION^VERBATIM_0443,1
CONSTIPATION~SIGNIFICANT PRE-EXISTING CONDITION|CONSTIPATION^VERBATIM_1368,1
CONTUSION~HISTORICAL DIAGNOSIS|BRUISING OF ARM^VERBATIM_0767,1
CONTUSION~SIGNIFICANT PRE-EXISTING CONDITION|BRUISING OF LEG^VERBATIM_0916,1
CORNEAL OPERATION~HISTORICAL DIAGNOSIS|CORNEAL OPERATION^VERBATIM_0597,1
CORNEAL TRANSPLANT~HISTORICAL DIAGNOSIS|CORNEAL TRANSPLANT^VERBATIM_0486,1
CORONARY ARTERY SURGERY~HISTORICAL DIAGNOSIS|CORONARY ARTERY BYPASS^VERBATIM_0766,1
CORONARY ARTERY SURGERY~HISTORICAL DIAGNOSIS|CORONARY ARTERY BYPASS^VERBATIM_1102,1
CORONARY ARTERY SURGERY~HISTORICAL DIAGNOSIS|CORONARY ARTERY BYPASS^VERBATIM_1464,1
CORRECTIVE LENS USER~SIGNIFICANT PRE-EXISTING CONDITION|EYEGLASSES WEARER^VERBATIM_1384,1
COUGH~HISTORICAL DIAGNOSIS|COUGH INCREASED^VERBATIM_0303,1
COUGH~HISTORICAL DIAGNOSIS|COUGH^VERBATIM_0910,1
COUGH~SIGNIFICANT PRE-EXISTING CONDITION|COUGH NONPRODUCTIVE^VERBATIM_1236,1
COUGH~SIGNIFICANT PRE-EXISTING CONDITION|COUGH^VERBATIM_0602,1
COUGH~SIGNIFICANT PRE-EXISTING CONDITION|COUGH^VERBATIM_0910,1
CYANOSIS~SIGNIFICANT PRE-EXISTING CONDITION|CYANOSIS PERIPHERAL^VERBATIM_1239,1
CYANOSIS~SIGNIFICANT PRE-EXISTING CONDITION|CYANOSIS^VERBATIM_1561,1
CYST REMOVAL~HISTORICAL DIAGNOSIS|CYST REMOVAL^VERBATIM_1360,1
CYST~HISTORICAL DIAGNOSIS|CYST^VERBATIM_0576,1
CYST~SIGNIFICANT PRE-EXISTING CONDITION|CYST^VERBATIM_1373,1
CYSTOPEXY~HISTORICAL DIAGNOSIS|BLADDER SUSPENSION^VERBATIM_1054,1
DEAFNESS BILATERAL~SIGNIFICANT PRE-EXISTING CONDITION|HEARING LOSS BILATERAL^VERBATIM_1677,1
DEAFNESS NEUROSENSORY~SIGNIFICANT PRE-EXISTING CONDITION|SENSORINEURAL HEARING LOSS^VERBATIM_0151,1
DEAFNESS UNILATERAL~SIGNIFICANT PRE-EXISTING CONDITION|DEAFNESS UNILATERAL^VERBATIM_1291,1
DEAFNESS UNILATERAL~SIGNIFICANT PRE-EXISTING CONDITION|HEARING LOSS UNILATERAL^VERBATIM_0025,1
DEAFNESS UNILATERAL~SIGNIFICANT PRE-EXISTING CONDITION|HEARING LOSS UNILATERAL^VERBATIM_1196,1
DEAFNESS~SIGNIFICANT PRE-EXISTING CONDITION|HEARING LOSS^VERBATIM_0546,1
DEHYDRATION~HISTORICAL DIAGNOSIS|DEHYDRATION^VERBATIM_1538,1
DENTAL OPERATION~SIGNIFICANT PRE-EXISTING CONDITION|DENTAL OPERATION^VERBATIM_0771,1
DENTURE WEARER~SIGNIFICANT PRE-EXISTING CONDITION|DENTURE WEARER^VERBATIM_0200,1
DENTURE WEARER~SIGNIFICANT PRE-EXISTING CONDITION|DENTURE WEARER^VERBATIM_0611,1
DENTURE WEARER~SIGNIFICANT PRE-EXISTING CONDITION|DENTURE WEARER^VERBATIM_0686,1
DENTURE WEARER~SIGNIFICANT PRE-EXISTING CONDITION|DENTURE WEARER^VERBATIM_1312,1
DENTURE WEARER~SIGNIFICANT PRE-EXISTING CONDITION|DENTURE WEARER^VERBATIM_1631,1
DENTURE WEARER~SIGNIFICANT PRE-EXISTING CONDITION|DENTURE WEARER^VERBATIM_1796,1
DEPRESSED MOOD~SIGNIFICANT PRE-EXISTING CONDITION|DEPRESSED MOOD^VERBATIM_0591,1
DEPRESSION~HISTORICAL DIAGNOSIS|DEPRESSION^VERBATIM_1797,1
DEPRESSION~SIGNIFICANT PRE-EXISTING CONDITION|DEPRESSION^VERBATIM_0432,1
DEPRESSION~SIGNIFICANT PRE-EXISTING CONDITION|DEPRESSION^VERBATIM_0661,1
DEPRESSION~SIGNIFICANT PRE-EXISTING CONDITION|DEPRESSION^VERBATIM_1376,1
DEPRESSION~SIGNIFICANT PRE-EXISTING CONDITION|DEPRESSION^VERBATIM_1592,1
DERMATITIS ATOPIC~SIGNIFICANT PRE-EXISTING CONDITION|ATOPIC DERMATITIS^VERBATIM_0331,1
DERMATITIS~SIGNIFICANT PRE-EXISTING CONDITION|DERMATITIS^VERBATIM_1267,1
DETACHED RETINA REPAIR~HISTORICAL DIAGNOSIS|DETACHED RETINA REPAIR^VERBATIM_1323,1
DIABETES MELLITUS NON-INSULIN-DEPENDENT~SIGNIFICANT PRE-EXISTING CONDITION|NON-INSULIN-DEPENDENT DIABETES MELLITUS^VERBATIM_0129,1
DIABETES MELLITUS NON-INSULIN-DEPENDENT~SIGNIFICANT PRE-EXISTING CONDITION|NON-INSULIN-DEPENDENT DIABETES MELLITUS^VERBATIM_0738,1
DIABETES MELLITUS NON-INSULIN-DEPENDENT~SIGNIFICANT PRE-EXISTING CONDITION|NON-INSULIN-DEPENDENT DIABETES MELLITUS^VERBATIM_0964,1
DIABETES MELLITUS NON-INSULIN-DEPENDENT~SIGNIFICANT PRE-EXISTING CONDITION|NON-INSULIN-DEPENDENT DIABETES MELLITUS^VERBATIM_1573,1
DIABETES MELLITUS NON-INSULIN-DEPENDENT~SIGNIFICANT PRE-EXISTING CONDITION|TYPE II DIABETES MELLITUS^VERBATIM_0574,1
DIABETIC NEUROPATHY~SIGNIFICANT PRE-EXISTING CONDITION|DIABETIC PERIPHERAL NEUROPATHY^VERBATIM_1028,1
DIABETIC RETINOPATHY~SIGNIFICANT PRE-EXISTING CONDITION|DIABETIC RETINOPATHY^VERBATIM_1473,1
DIARRHOEA~HISTORICAL DIAGNOSIS|DIARRHEA^VERBATIM_1126,1
DIARRHOEA~SIGNIFICANT PRE-EXISTING CONDITION|DIARRHEA^VERBATIM_1107,1
DIPHTHERIA~HISTORICAL DIAGNOSIS|DIPHTHERIA^VERBATIM_0674,1
DIVERTICULUM~HISTORICAL DIAGNOSIS|DIVERTICULOSIS^VERBATIM_0564,1
DIZZINESS POSTURAL~SIGNIFICANT PRE-EXISTING CONDITION|DIZZINESS POSTURAL^VERBATIM_0958,1
DIZZINESS~HISTORICAL DIAGNOSIS|FELT FAINT^VERBATIM_0982,1
DIZZINESS~HISTORICAL DIAGNOSIS|LIGHTHEADEDNESS^VERBATIM_1049,1
DIZZINESS~HISTORICAL DIAGNOSIS|PRE-SYNCOPE^VERBATIM_0565,1
DIZZINESS~SIGNIFICANT PRE-EXISTING CONDITION|DIZZINESS^VERBATIM_0233,1
DIZZINESS~SIGNIFICANT PRE-EXISTING CONDITION|DIZZINESS^VERBATIM_0529,1
DIZZINESS~SIGNIFICANT PRE-EXISTING CONDITION|DIZZINESS^VERBATIM_0876,1
DIZZINESS~SIGNIFICANT PRE-EXISTING CONDITION|DIZZINESS^VERBATIM_0890,1
DIZZINESS~SIGNIFICANT PRE-EXISTING CONDITION|FELT FAINT^VERBATIM_0982,1
DIZZINESS~SIGNIFICANT PRE-EXISTING CONDITION|LIGHTHEADEDNESS^VERBATIM_1049,1
DRY EYE~SIGNIFICANT PRE-EXISTING CONDITION|DRY EYES^VERBATIM_0984,1
DRY SKIN~SIGNIFICANT PRE-EXISTING CONDITION|DRY SKIN^VERBATIM_1052,1
DRY SKIN~SIGNIFICANT PRE-EXISTING CONDITION|DRY SKIN^VERBATIM_1279,1
DRY SKIN~SIGNIFICANT PRE-EXISTING CONDITION|DRY SKIN^VERBATIM_1454,1
DUPUYTREN'S CONTRACTURE~SIGNIFICANT PRE-EXISTING CONDITION|DUPUYTREN'S CONTRACTURE^VERBATIM_0111,1
DUPUYTREN'S CONTRACTURE~SIGNIFICANT PRE-EXISTING CONDITION|DUPUYTREN'S CONTRACTURE^VERBATIM_0224,1
DYSPEPSIA~HISTORICAL DIAGNOSIS|HEARTBURN^VERBATIM_0841,1
DYSPEPSIA~HISTORICAL DIAGNOSIS|INDIGESTION^VERBATIM_0800,1
DYSPEPSIA~SIGNIFICANT PRE-EXISTING CONDITION|HEARTBURN^VERBATIM_0127,1
DYSPHAGIA~SIGNIFICANT PRE-EXISTING CONDITION|SWALLOWING DIFFICULT^VERBATIM_0549,1
DYSPNOEA EXERTIONAL~SIGNIFICANT PRE-EXISTING CONDITION|DYSPNEA EXERTIONAL^VERBATIM_1042,1
DYSPNOEA EXERTIONAL~SIGNIFICANT PRE-EXISTING CONDITION|DYSPNEA EXERTIONAL^VERBATIM_1296,1
DYSPNOEA~HISTORICAL DIAGNOSIS|BREATH SHORTNESS^VERBATIM_1638,1
DYSPNOEA~HISTORICAL DIAGNOSIS|BREATH SHORTNESS^VERBATIM_1753,1
DYSPNOEA~HISTORICAL DIAGNOSIS|SHORTNESS OF BREATH^VERBATIM_1509,1
DYSPNOEA~SIGNIFICANT PRE-EXISTING CONDITION|SHORTNESS OF BREATH^VERBATIM_1509,1
DYSURIA~HISTORICAL DIAGNOSIS|DIFFICULTY IN MICTURITION^VERBATIM_1584,1
EAR OPERATION~HISTORICAL DIAGNOSIS|EAR OPERATION^VERBATIM_0537,1
EAR OPERATION~HISTORICAL DIAGNOSIS|EAR OPERATION^VERBATIM_0754,1
EAR PAIN~HISTORICAL DIAGNOSIS|EAR PAIN^VERBATIM_0837,1
EATING DISORDER~HISTORICAL DIAGNOSIS|EATING DISORDER^VERBATIM_0702,1
ECZEMA~HISTORICAL DIAGNOSIS|ECZEMA^VERBATIM_0336,1
ECZEMA~HISTORICAL DIAGNOSIS|ECZEMA^VERBATIM_1154,1
ELECTROCARDIOGRAM ST SEGMENT DEPRESSION~SIGNIFICANT PRE-EXISTING CONDITION|ST SEGMENT DEPRESSED^VERBATIM_1095,1
ELECTROCARDIOGRAM T WAVE AMPLITUDE DECREASED~SIGNIFICANT PRE-EXISTING CONDITION|T WAVE FLATTENING OF^VERBATIM_1711,1
ELECTROCARDIOGRAM T WAVE INVERSION~SIGNIFICANT PRE-EXISTING CONDITION|T WAVE INVERTED^VERBATIM_1077,1
EMPHYSEMA~SIGNIFICANT PRE-EXISTING CONDITION|EMPHYSEMA^VERBATIM_0087,1
EMPHYSEMA~SIGNIFICANT PRE-EXISTING CONDITION|EMPHYSEMA^VERBATIM_0328,1
ENDODONTIC PROCEDURE~HISTORICAL DIAGNOSIS|ROOT CANAL PROCEDURE^VERBATIM_1066,1
ENURESIS~SIGNIFICANT PRE-EXISTING CONDITION|BED WETTING^VERBATIM_1678,1
EOSINOPHILIC PNEUMONIA~HISTORICAL DIAGNOSIS|EOSINOPHILIC PNEUMONIA^VERBATIM_0816,1
EPIDERMAL NAEVUS~SIGNIFICANT PRE-EXISTING CONDITION|NEVUS^VERBATIM_1685,1
EPISTAXIS~SIGNIFICANT PRE-EXISTING CONDITION|EPISTAXIS^VERBATIM_0524,1
ERYTHEMA~SIGNIFICANT PRE-EXISTING CONDITION|ERYTHEMA^VERBATIM_1531,1
ESSENTIAL TREMOR~SIGNIFICANT PRE-EXISTING CONDITION|ESSENTIAL TREMOR^VERBATIM_1181,1
EXOSTOSIS~SIGNIFICANT PRE-EXISTING CONDITION|BONE SPUR^VERBATIM_0680,1
EXTRASYSTOLES~SIGNIFICANT PRE-EXISTING CONDITION|ECTOPIC BEATS^VERBATIM_0730,1
EXTRASYSTOLES~SIGNIFICANT PRE-EXISTING CONDITION|ECTOPIC BEATS^VERBATIM_1180,1
EXTRASYSTOLES~SIGNIFICANT PRE-EXISTING CONDITION|SKIPPED BEATS^VERBATIM_1608,1
EYE LASER SURGERY~HISTORICAL DIAGNOSIS|EYE LASER SURGERY^VERBATIM_1699,1
EYE OPERATION~HISTORICAL DIAGNOSIS|EYE OPERATION^VERBATIM_0864,1
EYE OPERATION~HISTORICAL DIAGNOSIS|EYE OPERATION^VERBATIM_1136,1
FACE LIFT~HISTORICAL DIAGNOSIS|FACE LIFT^VERBATIM_1162,1
FEMUR FRACTURE~HISTORICAL DIAGNOSIS|FEMUR FRACTURE^VERBATIM_0329,1
FIBROMYALGIA~HISTORICAL DIAGNOSIS|FIBROMYALGIA^VERBATIM_0483,1
FINGER AMPUTATION~SIGNIFICANT PRE-EXISTING CONDITION|FINGER AMPUTATION^VERBATIM_0462,1
FINGER DEFORMITY~SIGNIFICANT PRE-EXISTING CONDITION|FINGER DEFORMITY^VERBATIM_0966,1
FLATULENCE~SIGNIFICANT PRE-EXISTING CONDITION|FLATULENCE^VERBATIM_0557,1
FOOT DEFORMITY~SIGNIFICANT PRE-EXISTING CONDITION|FOOT DEFORMITY^VERBATIM_1764,1
FOOT FRACTURE~HISTORICAL DIAGNOSIS|FOOT FRACTURE^VERBATIM_0740,1
FOOT FRACTURE~HISTORICAL DIAGNOSIS|FOOT FRACTURE^VERBATIM_1132,1
FOOT FRACTURE~HISTORICAL DIAGNOSIS|FOOT FRACTURE^VERBATIM_1222,1
FOOT OPERATION~HISTORICAL DIAGNOSIS|FOOT SURGERY^VERBATIM_1541,1
FRACTURE TREATMENT~HISTORICAL DIAGNOSIS|FRACTURE TREATMENT^VERBATIM_0545,1
FRACTURE TREATMENT~HISTORICAL DIAGNOSIS|FRACTURE TREATMENT^VERBATIM_1074,1
FRACTURE TREATMENT~HISTORICAL DIAGNOSIS|FRACTURE TREATMENT^VERBATIM_1339,1
FRACTURED COCCYX~HISTORICAL DIAGNOSIS|FRACTURED COCCYX^VERBATIM_0654,1
GAIT DISTURBANCE~SIGNIFICANT PRE-EXISTING CONDITION|ANTALGIC GAIT^VERBATIM_1402,1
GAIT DISTURBANCE~SIGNIFICANT PRE-EXISTING CONDITION|GAIT DISORDER^VERBATIM_1574,1
GANGLION~HISTORICAL DIAGNOSIS|GANGLION^VERBATIM_1295,1
GANGLION~SIGNIFICANT PRE-EXISTING CONDITION|GANGLION^VERBATIM_0101,1
GANGLION~SIGNIFICANT PRE-EXISTING CONDITION|GANGLION^VERBATIM_0339,1
GASTRECTOMY~HISTORICAL DIAGNOSIS|GASTRECTOMY^VERBATIM_0142,1
GASTRIC ULCER SURGERY~HISTORICAL DIAGNOSIS|GASTRIC ULCER SURGERY^VERBATIM_0501,1
GASTRIC ULCER SURGERY~HISTORICAL DIAGNOSIS|GASTRIC ULCER SURGERY^VERBATIM_1387,1
GASTRIC ULCER~HISTORICAL DIAGNOSIS|STOMACH ULCER^VERBATIM_0081,1
GASTRIC ULCER~HISTORICAL DIAGNOSIS|STOMACH ULCER^VERBATIM_0509,1
GASTRIC ULCER~HISTORICAL DIAGNOSIS|STOMACH ULCER^VERBATIM_0535,1
GASTRIC ULCER~HISTORICAL DIAGNOSIS|STOMACH ULCER^VERBATIM_1529,1
GASTRIC ULCER~HISTORICAL DIAGNOSIS|STOMACH ULCER^VERBATIM_1694,1
GASTRITIS~SIGNIFICANT PRE-EXISTING CONDITION|CHRONIC GASTRITIS^VERBATIM_0310,1
GASTRITIS~SIGNIFICANT PRE-EXISTING CONDITION|GASTRITIS^VERBATIM_0469,1
GASTROINTESTINAL PAIN~SIGNIFICANT PRE-EXISTING CONDITION|GI PAIN^VERBATIM_0079,1
GASTROINTESTINAL ULCER~HISTORICAL DIAGNOSIS|GASTROINTESTINAL ULCER^VERBATIM_0196,1
GASTROOESOPHAGEAL REFLUX DISEASE~SIGNIFICANT PRE-EXISTING CONDITION|ESOPHAGEAL REFLUX^VERBATIM_1047,1
GASTROOESOPHAGEAL REFLUX DISEASE~SIGNIFICANT PRE-EXISTING CONDITION|GASTROESOPHAGEAL REFLUX^VERBATIM_0249,1
GINGIVAL OPERATION~HISTORICAL DIAGNOSIS|GINGIVAL OPERATION^VERBATIM_0935,1
GINGIVITIS~HISTORICAL DIAGNOSIS|GINGIVITIS^VERBATIM_0663,1
GLAUCOMA SURGERY~HISTORICAL DIAGNOSIS|GLAUCOMA SURGERY^VERBATIM_1349,1
GLAUCOMA~HISTORICAL DIAGNOSIS|GLAUCOMA^VERBATIM_0308,1
GLAUCOMA~SIGNIFICANT PRE-EXISTING CONDITION|GLAUCOMA^VERBATIM_0018,1
GLAUCOMA~SIGNIFICANT PRE-EXISTING CONDITION|GLAUCOMA^VERBATIM_1715,1
GLOBAL AMNESIA~HISTORICAL DIAGNOSIS|TRANSIENT GLOBAL AMNESIA^VERBATIM_1172,1
GLUCOSE TOLERANCE IMPAIRED~HISTORICAL DIAGNOSIS|BORDERLINE DIABETES^VERBATIM_1548,1
GOITRE~SIGNIFICANT PRE-EXISTING CONDITION|THYROID ENLARGED^VERBATIM_1432,1
GOUT~SIGNIFICANT PRE-EXISTING CONDITION|GOUT^VERBATIM_1669,1
GROIN ABSCESS~HISTORICAL DIAGNOSIS|GROIN ABSCESS^VERBATIM_1294,1
GUN SHOT WOUND~HISTORICAL DIAGNOSIS|GUN SHOT WOUND^VERBATIM_0473,1
HAEMATURIA~SIGNIFICANT PRE-EXISTING CONDITION|HEMATURIA^VERBATIM_1304,1
HAEMORRHOIDS~HISTORICAL DIAGNOSIS|HEMORRHOIDS^VERBATIM_1684,1
HAEMORRHOIDS~HISTORICAL DIAGNOSIS|INTERNAL HEMORRHOIDS^VERBATIM_1768,1
HAEMORRHOIDS~SIGNIFICANT PRE-EXISTING CONDITION|EXTERNAL HEMORRHOIDS^VERBATIM_1351,1
HALLUCINATION~SIGNIFICANT PRE-EXISTING CONDITION|HALLUCINATION^VERBATIM_0460,1
HAND FRACTURE~HISTORICAL DIAGNOSIS|HAND FRACTURE^VERBATIM_0898,1
HAND REPAIR OPERATION~HISTORICAL DIAGNOSIS|HAND REPAIR OPERATION^VERBATIM_0991,1
HEAD INJURY~HISTORICAL DIAGNOSIS|HEAD INJURY^VERBATIM_0074,1
HEAD INJURY~HISTORICAL DIAGNOSIS|HEAD INJURY^VERBATIM_0438,1
HEAD INJURY~HISTORICAL DIAGNOSIS|HEAD INJURY^VERBATIM_1143,1
HEAD INJURY~HISTORICAL DIAGNOSIS|HEAD INJURY^VERBATIM_1221,1
HEAD INJURY~HISTORICAL DIAGNOSIS|HEAD INJURY^VERBATIM_1302,1
HEADACHE~HISTORICAL DIAGNOSIS|HEADACHE^VERBATIM_0080,1
HEADACHE~HISTORICAL DIAGNOSIS|HEADACHE^VERBATIM_0301,1
HEADACHE~HISTORICAL DIAGNOSIS|HEADACHE^VERBATIM_0929,1
HEADACHE~SIGNIFICANT PRE-EXISTING CONDITION|HEADACHE^VERBATIM_1437,1
HEADACHE~SIGNIFICANT PRE-EXISTING CONDITION|INTERMITTENT HEADACHE^VERBATIM_0292,1
HEARING AID USER~HISTORICAL DIAGNOSIS|HEARING AID USER^VERBATIM_0562,1
HEART RATE IRREGULAR~SIGNIFICANT PRE-EXISTING CONDITION|HEARTBEATS IRREGULAR^VERBATIM_0595,1
HEART RATE IRREGULAR~SIGNIFICANT PRE-EXISTING CONDITION|HEARTBEATS IRREGULAR^VERBATIM_0921,1
HEART RATE IRREGULAR~SIGNIFICANT PRE-EXISTING CONDITION|HEARTBEATS IRREGULAR^VERBATIM_1206,1
HEMIPLEGIA~HISTORICAL DIAGNOSIS|HEMIPLEGIA (LEFT)^VERBATIM_1147,1
HEPATITIS C~HISTORICAL DIAGNOSIS|HEPATITIS C^VERBATIM_0186,1
HERNIA REPAIR~HISTORICAL DIAGNOSIS|HERNIA REPAIR^VERBATIM_0161,1
HERNIA REPAIR~HISTORICAL DIAGNOSIS|HERNIA REPAIR^VERBATIM_0550,1
HERNIA REPAIR~HISTORICAL DIAGNOSIS|HERNIA REPAIR^VERBATIM_0848,1
HERNIA REPAIR~HISTORICAL DIAGNOSIS|HERNIA REPAIR^VERBATIM_1275,1
HERNIA REPAIR~HISTORICAL DIAGNOSIS|HERNIA REPAIR^VERBATIM_1449,1
HERNIA REPAIR~HISTORICAL DIAGNOSIS|HERNIA REPAIR^VERBATIM_1458,1
HERPES SIMPLEX~SIGNIFICANT PRE-EXISTING CONDITION|HERPES LESION INTRA-ORAL^VERBATIM_0894,1
HIATUS HERNIA~SIGNIFICANT PRE-EXISTING CONDITION|HERNIA HIATAL^VERBATIM_0492,1
HIP ARTHROPLASTY~HISTORICAL DIAGNOSIS|HIP REPLACEMENT^VERBATIM_0503,1
HIP ARTHROPLASTY~HISTORICAL DIAGNOSIS|HIP REPLACEMENT^VERBATIM_0783,1
HIP ARTHROPLASTY~HISTORICAL DIAGNOSIS|HIP REPLACEMENT^VERBATIM_1062,1
HIP ARTHROPLASTY~HISTORICAL DIAGNOSIS|HIP REPLACEMENT^VERBATIM_1640,1
HIP FRACTURE~HISTORICAL DIAGNOSIS|FRACTURED HIP^VERBATIM_0525,1
HIP FRACTURE~HISTORICAL DIAGNOSIS|HIP FRACTURE^VERBATIM_1672,1
HORDEOLUM~SIGNIFICANT PRE-EXISTING CONDITION|STYE^VERBATIM_0317,1
HYDROCELE~HISTORICAL DIAGNOSIS|HYDROCELE^VERBATIM_0728,1
HYPERCHOLESTEROLAEMIA~HISTORICAL DIAGNOSIS|HYPERCHOLESTEROLEMIA^VERBATIM_0164,1
HYPERHIDROSIS~SIGNIFICANT PRE-EXISTING CONDITION|DIAPHORESIS^VERBATIM_0115,1
HYPERKERATOSIS~SIGNIFICANT PRE-EXISTING CONDITION|KERATOSIS^VERBATIM_0762,1
HYPERLIPIDAEMIA~SIGNIFICANT PRE-EXISTING CONDITION|HYPERLIPIDEMIA^VERBATIM_0515,1
HYPERMETROPIA~SIGNIFICANT PRE-EXISTING CONDITION|HYPEROPIA^VERBATIM_1749,1
HYPERMETROPIA~SIGNIFICANT PRE-EXISTING CONDITION|HYPEROPIA^VERBATIM_1759,1
HYPERSENSITIVITY~SIGNIFICANT PRE-EXISTING CONDITION|ENVIRONMENTAL ALLERGY^VERBATIM_1613,1
HYPERTENSION~SIGNIFICANT PRE-EXISTING CONDITION|BLOOD PRESSURE HIGH^VERBATIM_0710,1
HYPERTENSION~SIGNIFICANT PRE-EXISTING CONDITION|HYPERTENSION^VERBATIM_1641,1
HYPERTHYROIDISM~HISTORICAL DIAGNOSIS|HYPERTHYROIDISM^VERBATIM_1484,1
HYPOACUSIS~HISTORICAL DIAGNOSIS|HEARING DECREASED^VERBATIM_0786,1
HYPOACUSIS~SIGNIFICANT PRE-EXISTING CONDITION|HEARING DECREASED^VERBATIM_0202,1
HYPOACUSIS~SIGNIFICANT PRE-EXISTING CONDITION|HEARING DECREASED^VERBATIM_0569,1
HYPOACUSIS~SIGNIFICANT PRE-EXISTING CONDITION|HEARING DECREASED^VERBATIM_0792,1
HYPOAESTHESIA~HISTORICAL DIAGNOSIS|NUMBNESS OF UPPER ARM^VERBATIM_0596,1
HYPOAESTHESIA~SIGNIFICANT PRE-EXISTING CONDITION|NUMBNESS IN FINGERS^VERBATIM_0617,1
HYPOAESTHESIA~SIGNIFICANT PRE-EXISTING CONDITION|NUMBNESS IN HAND^VERBATIM_0538,1
HYPOAESTHESIA~SIGNIFICANT PRE-EXISTING CONDITION|NUMBNESS IN HAND^VERBATIM_1732,1
HYPOAESTHESIA~SIGNIFICANT PRE-EXISTING CONDITION|NUMBNESS IN LEG^VERBATIM_1779,1
HYPOAESTHESIA~SIGNIFICANT PRE-EXISTING CONDITION|NUMBNESS IN SHOULDER^VERBATIM_0383,1
HYPOAESTHESIA~SIGNIFICANT PRE-EXISTING CONDITION|NUMBNESS OF UPPER ARM^VERBATIM_1576,1
HYPOREFLEXIA~SIGNIFICANT PRE-EXISTING CONDITION|HYPOREFLEXIA^VERBATIM_0208,1
HYPOREFLEXIA~SIGNIFICANT PRE-EXISTING CONDITION|HYPOREFLEXIA^VERBATIM_0723,1
HYPOREFLEXIA~SIGNIFICANT PRE-EXISTING CONDITION|REFLEXES DECREASED^VERBATIM_1265,1
HYPOREFLEXIA~SIGNIFICANT PRE-EXISTING CONDITION|REFLEXES DECREASED^VERBATIM_1342,1
HYPOTHYROIDISM~HISTORICAL DIAGNOSIS|HYPOTHYROIDISM^VERBATIM_0692,1
HYPOTHYROIDISM~HISTORICAL DIAGNOSIS|HYPOTHYROIDISM^VERBATIM_1512,1
HYSTERECTOMY~HISTORICAL DIAGNOSIS|HYSTERECTOMY^VERBATIM_0421,1
HYSTERECTOMY~HISTORICAL DIAGNOSIS|SUBTOTAL HYSTERECTOMY^VERBATIM_0140,1
HYSTERECTOMY~HISTORICAL DIAGNOSIS|TOTAL HYSTERECTOMY^VERBATIM_0167,1
HYSTERECTOMY~HISTORICAL DIAGNOSIS|TOTAL HYSTERECTOMY^VERBATIM_0682,1
HYSTERECTOMY~SIGNIFICANT PRE-EXISTING CONDITION|HYSTERECTOMY^VERBATIM_0936,1
ILEOSTOMY~SIGNIFICANT PRE-EXISTING CONDITION|ILEOSTOMY^VERBATIM_1395,1
IMPAIRED HEALING~SIGNIFICANT PRE-EXISTING CONDITION|DELAYED HEALING OF WOUND^VERBATIM_1674,1
INCONTINENCE~HISTORICAL DIAGNOSIS|INCONTINENCE^VERBATIM_1545,1
INCONTINENCE~SIGNIFICANT PRE-EXISTING CONDITION|INCONTINENCE^VERBATIM_1545,1
INCREASED TENDENCY TO BRUISE~SIGNIFICANT PRE-EXISTING CONDITION|INCREASED TENDENCY TO BRUISE^VERBATIM_0390,1
INGUINAL HERNIA REPAIR~HISTORICAL DIAGNOSIS|INGUINAL HERNIA REPAIR^VERBATIM_0521,1
INGUINAL HERNIA REPAIR~HISTORICAL DIAGNOSIS|INGUINAL HERNIA REPAIR^VERBATIM_0638,1
INGUINAL HERNIA REPAIR~HISTORICAL DIAGNOSIS|INGUINAL HERNIA REPAIR^VERBATIM_0939,1
INGUINAL HERNIA REPAIR~HISTORICAL DIAGNOSIS|INGUINAL HERNIA REPAIR^VERBATIM_1233,1
INGUINAL HERNIA REPAIR~HISTORICAL DIAGNOSIS|INGUINAL HERNIA REPAIR^VERBATIM_1479,1
INGUINAL HERNIA REPAIR~HISTORICAL DIAGNOSIS|INGUINAL HERNIA REPAIR^VERBATIM_1554,1
INGUINAL HERNIA~HISTORICAL DIAGNOSIS|LEFT INGUINAL HERNIA^VERBATIM_0206,1
INGUINAL HERNIA~HISTORICAL DIAGNOSIS|RIGHT INGUINAL HERNIA^VERBATIM_1129,1
INSOMNIA~SIGNIFICANT PRE-EXISTING CONDITION|CHRONIC INSOMNIA^VERBATIM_0289,1
INSOMNIA~SIGNIFICANT PRE-EXISTING CONDITION|INSOMNIA^VERBATIM_0085,1
INTENTION TREMOR~SIGNIFICANT PRE-EXISTING CONDITION|INTENTION TREMOR^VERBATIM_1305,1
INTERNAL FIXATION OF FRACTURE~HISTORICAL DIAGNOSIS|INTERNAL FIXATION OF FRACTURE^VERBATIM_0219,1
INTERVERTEBRAL DISC OPERATION~HISTORICAL DIAGNOSIS|DISCECTOMY^VERBATIM_1083,1
INTERVERTEBRAL DISC OPERATION~HISTORICAL DIAGNOSIS|LUMBAR DISCECTOMY^VERBATIM_1582,1
INTERVERTEBRAL DISC PROTRUSION~HISTORICAL DIAGNOSIS|INTERVERTEBRAL DISC PROLAPSE^VERBATIM_0471,1
INTESTINAL ADHESION LYSIS~HISTORICAL DIAGNOSIS|INTESTINAL ADHESION LYSIS^VERBATIM_1434,1
INTESTINAL OBSTRUCTION~HISTORICAL DIAGNOSIS|BOWEL OBSTRUCTION^VERBATIM_0743,1
INTESTINAL OBSTRUCTION~HISTORICAL DIAGNOSIS|INTESTINAL OBSTRUCTION^VERBATIM_1602,1
INTESTINAL POLYP~HISTORICAL DIAGNOSIS|INTESTINAL POLYP^VERBATIM_0563,1
INTESTINAL POLYPECTOMY~HISTORICAL DIAGNOSIS|INTESTINAL POLYPECTOMY^VERBATIM_1169,1
INTESTINAL POLYPECTOMY~HISTORICAL DIAGNOSIS|INTESTINAL POLYPECTOMY^VERBATIM_1356,1
INTESTINAL ULCER~HISTORICAL DIAGNOSIS|INTESTINAL ULCER^VERBATIM_0803,1
INTRAOCULAR PRESSURE INCREASED~SIGNIFICANT PRE-EXISTING CONDITION|INCREASED INTRAOCULAR PRESSURE^VERBATIM_1058,1
IRON DEFICIENCY ANAEMIA~HISTORICAL DIAGNOSIS|IRON DEFICIENCY ANEMIA^VERBATIM_0201,1
JAUNDICE ACHOLURIC~SIGNIFICANT PRE-EXISTING CONDITION|JAUNDICE HEMOLYTIC^VERBATIM_0136,1
JAUNDICE~HISTORICAL DIAGNOSIS|JAUNDICE^VERBATIM_1709,1
JAW FRACTURE~HISTORICAL DIAGNOSIS|FRACTURED JAW^VERBATIM_1457,1
JOINT ARTHROPLASTY~HISTORICAL DIAGNOSIS|JOINT PROSTHESIS INSERTION^VERBATIM_1209,1
JOINT CONTRACTURE~SIGNIFICANT PRE-EXISTING CONDITION|CONTRACTURE OF JOINT^VERBATIM_0844,1
JOINT DISLOCATION~HISTORICAL DIAGNOSIS|DISLOCATED SHOULDER^VERBATIM_0673,1
JOINT INJURY~HISTORICAL DIAGNOSIS|ANKLE INJURY^VERBATIM_0192,1
JOINT INJURY~HISTORICAL DIAGNOSIS|WRIST INJURY^VERBATIM_1171,1
JOINT SWELLING~SIGNIFICANT PRE-EXISTING CONDITION|JOINT SWELLING^VERBATIM_1026,1
JOINT SWELLING~SIGNIFICANT PRE-EXISTING CONDITION|SWELLING OF L KNEE^VERBATIM_0480,1
KNEE ARTHROPLASTY~HISTORICAL DIAGNOSIS|KNEE TOTAL REPLACEMENT^VERBATIM_0009,1
KNEE ARTHROPLASTY~HISTORICAL DIAGNOSIS|KNEE TOTAL REPLACEMENT^VERBATIM_0269,1
KNEE ARTHROPLASTY~HISTORICAL DIAGNOSIS|KNEE TOTAL REPLACEMENT^VERBATIM_0874,1
KNEE ARTHROPLASTY~HISTORICAL DIAGNOSIS|KNEE TOTAL REPLACEMENT^VERBATIM_1487,1
KNEE OPERATION~HISTORICAL DIAGNOSIS|KNEE SURGERY NOS^VERBATIM_0218,1
KNEE OPERATION~HISTORICAL DIAGNOSIS|KNEE SURGERY NOS^VERBATIM_1188,1
KYPHOSCOLIOSIS~SIGNIFICANT PRE-EXISTING CONDITION|KYPHOSCOLIOSIS^VERBATIM_0745,1
KYPHOSIS~SIGNIFICANT PRE-EXISTING CONDITION|KYPHOSIS^VERBATIM_0854,1
KYPHOSIS~SIGNIFICANT PRE-EXISTING CONDITION|KYPHOSIS^VERBATIM_1607,1
LABYRINTHITIS~SIGNIFICANT PRE-EXISTING CONDITION|LABYRINTHITIS^VERBATIM_1362,1
LACERATION~HISTORICAL DIAGNOSIS|LACERATION^VERBATIM_0429,1
LAPAROSCOPY~HISTORICAL DIAGNOSIS|LAPAROSCOPY^VERBATIM_0601,1
LARGE INTESTINAL ULCER~HISTORICAL DIAGNOSIS|COLON ULCER^VERBATIM_0944,1
LARYNGEAL POLYPECTOMY~HISTORICAL DIAGNOSIS|LARYNGEAL POLYPECTOMY^VERBATIM_1173,1
LENS IMPLANT~HISTORICAL DIAGNOSIS|LENS IMPLANT^VERBATIM_0519,1
LENS IMPLANT~HISTORICAL DIAGNOSIS|LENS IMPLANT^VERBATIM_1476,1
LENS IMPLANT~HISTORICAL DIAGNOSIS|LENS IMPLANT^VERBATIM_1498,1
LENS IMPLANT~HISTORICAL DIAGNOSIS|LENS IMPLANT^VERBATIM_1519,1
LENS IMPLANT~HISTORICAL DIAGNOSIS|LENS IMPLANT^VERBATIM_1804,1
LIBIDO INCREASED~SIGNIFICANT PRE-EXISTING CONDITION|LIBIDO INCREASED^VERBATIM_0608,1
LIMB INJURY~HISTORICAL DIAGNOSIS|LEG INJURY^VERBATIM_0859,1
LIMB INJURY~HISTORICAL DIAGNOSIS|LEG INJURY^VERBATIM_1273,1
LIMB INJURY~HISTORICAL DIAGNOSIS|LEG INJURY^VERBATIM_1346,1
LIMB INJURY~SIGNIFICANT PRE-EXISTING CONDITION|INJURY TO FINGER NOS^VERBATIM_1676,1
LIP AND/OR ORAL CAVITY CANCER~HISTORICAL DIAGNOSIS|ORAL CANCER STAGE UNSPECIFIED^VERBATIM_1591,1
LIPECTOMY~HISTORICAL DIAGNOSIS|LIPECTOMY^VERBATIM_1006,1
LIPOMA~HISTORICAL DIAGNOSIS|LIPOMA^VERBATIM_0580,1
LIPOMA~SIGNIFICANT PRE-EXISTING CONDITION|LIPOMA^VERBATIM_0428,1
LIPOMA~SIGNIFICANT PRE-EXISTING CONDITION|LIPOMA^VERBATIM_0772,1
LIPOMA~SIGNIFICANT PRE-EXISTING CONDITION|LIPOMA^VERBATIM_1019,1
LIVEDO RETICULARIS~SIGNIFICANT PRE-EXISTING CONDITION|MOTTLED SKIN^VERBATIM_0878,1
LOCALISED INFECTION~SIGNIFICANT PRE-EXISTING CONDITION|LOCALIZED INFECTION^VERBATIM_1224,1
LOCALISED OEDEMA~HISTORICAL DIAGNOSIS|LOCALIZED EDEMA^VERBATIM_1425,1
LOSS OF CONSCIOUSNESS~HISTORICAL DIAGNOSIS|CONSCIOUSNESS LOSS^VERBATIM_0302,1
LOSS OF CONSCIOUSNESS~HISTORICAL DIAGNOSIS|LOSS OF CONSCIOUSNESS^VERBATIM_1237,1
LOWER LIMB FRACTURE~HISTORICAL DIAGNOSIS|KNEE FRACTURE^VERBATIM_1261,1
LOWER LIMB FRACTURE~HISTORICAL DIAGNOSIS|KNEE FRACTURE^VERBATIM_1736,1
LOWER LIMB FRACTURE~HISTORICAL DIAGNOSIS|LEG FRACTURE^VERBATIM_0122,1
LOWER LIMB FRACTURE~HISTORICAL DIAGNOSIS|LEG FRACTURE^VERBATIM_0925,1
LUMBAR SPINAL STENOSIS~SIGNIFICANT PRE-EXISTING CONDITION|LUMBAR SPINAL STENOSIS^VERBATIM_1184,1
LUNG NEOPLASM~SIGNIFICANT PRE-EXISTING CONDITION|LUNG NODULE^VERBATIM_0110,1
LUNG NEOPLASM~SIGNIFICANT PRE-EXISTING CONDITION|LUNG NODULE^VERBATIM_0817,1
MACULAR DEGENERATION~HISTORICAL DIAGNOSIS|DEGENERATION MACULAR^VERBATIM_0543,1
MACULAR DEGENERATION~SIGNIFICANT PRE-EXISTING CONDITION|DEGENERATION MACULAR^VERBATIM_1575,1
MALABSORPTION~SIGNIFICANT PRE-EXISTING CONDITION|SPRUE^VERBATIM_1802,1
MALAISE~HISTORICAL DIAGNOSIS|MALAISE^VERBATIM_1562,1
MALIGNANT TUMOUR EXCISION~HISTORICAL DIAGNOSIS|MALIGNANT TUMOUR EXCISION NOS^VERBATIM_0243,1
MASS EXCISION~HISTORICAL DIAGNOSIS|LUMP EXCISION^VERBATIM_0667,1
MASTECTOMY~HISTORICAL DIAGNOSIS|MASTECTOMY^VERBATIM_0229,1
MASTECTOMY~HISTORICAL DIAGNOSIS|MASTECTOMY^VERBATIM_0446,1
MASTECTOMY~HISTORICAL DIAGNOSIS|MASTECTOMY^VERBATIM_1027,1
MASTECTOMY~HISTORICAL DIAGNOSIS|MASTECTOMY^VERBATIM_1415,1
MASTECTOMY~SIGNIFICANT PRE-EXISTING CONDITION|MASTECTOMY^VERBATIM_0105,1
MASTOIDECTOMY~HISTORICAL DIAGNOSIS|MASTOIDECTOMY^VERBATIM_0857,1
MASTOIDITIS~HISTORICAL DIAGNOSIS|MASTOIDITIS^VERBATIM_0263,1
MENIERE'S DISEASE~SIGNIFICANT PRE-EXISTING CONDITION|MENIERE'S DISEASE^VERBATIM_1450,1
MENINGIOMA~HISTORICAL DIAGNOSIS|MENINGIOMA^VERBATIM_1013,1
MENOPAUSAL SYMPTOMS~SIGNIFICANT PRE-EXISTING CONDITION|POSTMENOPAUSAL SYMPTOMS^VERBATIM_1558,1
MICTURITION URGENCY~SIGNIFICANT PRE-EXISTING CONDITION|URINARY URGENCY^VERBATIM_1179,1
MIGRAINE WITH AURA~SIGNIFICANT PRE-EXISTING CONDITION|OPHTHALMIC MIGRAINE^VERBATIM_0148,1
MIGRAINE~HISTORICAL DIAGNOSIS|MIGRAINE^VERBATIM_0418,1
MIGRAINE~HISTORICAL DIAGNOSIS|MIGRAINE^VERBATIM_1334,1
MIGRAINE~SIGNIFICANT PRE-EXISTING CONDITION|MIGRAINE^VERBATIM_0418,1
MITRAL VALVE DISEASE~SIGNIFICANT PRE-EXISTING CONDITION|MITRAL VALVE DISEASE^VERBATIM_0277,1
MONARTHRITIS~SIGNIFICANT PRE-EXISTING CONDITION|GONARTHRITIS^VERBATIM_0662,1
MONARTHRITIS~SIGNIFICANT PRE-EXISTING CONDITION|GONARTHRITIS^VERBATIM_0858,1
MULTIPLE ALLERGIES~SIGNIFICANT PRE-EXISTING CONDITION|MULTIPLE ALLERGIES^VERBATIM_0818,1
MUSCLE SPASMS~HISTORICAL DIAGNOSIS|MUSCLE SPASMS^VERBATIM_0973,1
MUSCLE SPASMS~SIGNIFICANT PRE-EXISTING CONDITION|CRAMPS LEG^VERBATIM_1270,1
MUSCLE SPASMS~SIGNIFICANT PRE-EXISTING CONDITION|LEG CRAMPS^VERBATIM_0534,1
MUSCLE TWITCHING~SIGNIFICANT PRE-EXISTING CONDITION|TWITCHING OF NECK AND FACE^VERBATIM_0049,1
MYALGIA~HISTORICAL DIAGNOSIS|MUSCLE PAIN^VERBATIM_0558,1
MYALGIA~SIGNIFICANT PRE-EXISTING CONDITION|MUSCLE PAIN^VERBATIM_1381,1
MYALGIA~SIGNIFICANT PRE-EXISTING CONDITION|MUSCULAR PAIN^VERBATIM_1073,1
MYOCARDIAL INFARCTION~HISTORICAL DIAGNOSIS|MYOCARDIAL INFARCTION^VERBATIM_0542,1
MYOCARDIAL INFARCTION~SIGNIFICANT PRE-EXISTING CONDITION|INFERIOR MI^VERBATIM_1081,1
MYOCARDIAL INFARCTION~SIGNIFICANT PRE-EXISTING CONDITION|INFERIOR MYOCARDIAL INFARCTION^VERBATIM_0423,1
MYOCARDIAL INFARCTION~SIGNIFICANT PRE-EXISTING CONDITION|INFERIOR MYOCARDIAL INFARCTION^VERBATIM_0908,1
MYOCARDIAL INFARCTION~SIGNIFICANT PRE-EXISTING CONDITION|INFERIOR MYOCARDIAL INFARCTION^VERBATIM_1726,1
MYOCARDIAL INFARCTION~SIGNIFICANT PRE-EXISTING CONDITION|MYOCARDIAL INFARCTION OLD^VERBATIM_0075,1
MYOCARDIAL INFARCTION~SIGNIFICANT PRE-EXISTING CONDITION|MYOCARDIAL INFARCTION OLD^VERBATIM_0095,1
MYOCARDIAL INFARCTION~SIGNIFICANT PRE-EXISTING CONDITION|MYOCARDIAL INFARCTION OLD^VERBATIM_0993,1
MYOCARDIAL INFARCTION~SIGNIFICANT PRE-EXISTING CONDITION|MYOCARDIAL INFARCTION^VERBATIM_0811,1
MYOCARDIAL INFARCTION~SIGNIFICANT PRE-EXISTING CONDITION|MYOCARDIAL INFARCTION^VERBATIM_0914,1
MYOCARDIAL INFARCTION~SIGNIFICANT PRE-EXISTING CONDITION|MYOCARDIAL INFARCTION^VERBATIM_1490,1
MYOCARDIAL INFARCTION~SIGNIFICANT PRE-EXISTING CONDITION|SEPTAL MYOCARDIAL INFARCTION^VERBATIM_0830,1
MYOCARDIAL INFARCTION~SIGNIFICANT PRE-EXISTING CONDITION|SEPTAL MYOCARDIAL INFARCTION^VERBATIM_1256,1
MYOCARDIAL ISCHAEMIA~HISTORICAL DIAGNOSIS|MYOCARDIAL ISCHEMIA^VERBATIM_0967,1
MYOPIA~SIGNIFICANT PRE-EXISTING CONDITION|MYOPIA^VERBATIM_1411,1
MYOPIA~SIGNIFICANT PRE-EXISTING CONDITION|NEARSIGHTED^VERBATIM_1190,1
NAIL DISCOLOURATION~SIGNIFICANT PRE-EXISTING CONDITION|DISCOLORATION NAIL^VERBATIM_0947,1
NASAL CONGESTION~SIGNIFICANT PRE-EXISTING CONDITION|NASAL CONGESTION^VERBATIM_1612,1
NASAL CYST REMOVAL~HISTORICAL DIAGNOSIS|NASAL CYST REMOVAL^VERBATIM_1391,1
NASOPHARYNGEAL CANCER~HISTORICAL DIAGNOSIS|MALIGNANT NASOPHARYNGEAL NEOPLASM^VERBATIM_1800,1
NASOPHARYNGITIS~HISTORICAL DIAGNOSIS|COLD^VERBATIM_1252,1
NASOPHARYNGITIS~SIGNIFICANT PRE-EXISTING CONDITION|COLD^VERBATIM_1698,1
NECK PAIN~SIGNIFICANT PRE-EXISTING CONDITION|NECK PAIN^VERBATIM_1443,1
NEPHRECTOMY~HISTORICAL DIAGNOSIS|NEPHRECTOMY^VERBATIM_1693,1
NEPHROLITHIASIS~HISTORICAL DIAGNOSIS|RENAL CALCULUS^VERBATIM_0221,1
NERVE COMPRESSION~HISTORICAL DIAGNOSIS|NERVE COMPRESSION^VERBATIM_0868,1
NERVE COMPRESSION~HISTORICAL DIAGNOSIS|NERVE COMPRESSION^VERBATIM_1505,1
NEURALGIA~SIGNIFICANT PRE-EXISTING CONDITION|NERVE PAIN^VERBATIM_0453,1
NEURALGIA~SIGNIFICANT PRE-EXISTING CONDITION|NERVE PAIN^VERBATIM_1213,1
NEUROMA~HISTORICAL DIAGNOSIS|NEUROMA^VERBATIM_0107,1
NEUROPATHY~SIGNIFICANT PRE-EXISTING CONDITION|NEUROPATHY^VERBATIM_0488,1
NOCTURIA~SIGNIFICANT PRE-EXISTING CONDITION|NOCTURIA^VERBATIM_0021,1
OEDEMA PERIPHERAL~SIGNIFICANT PRE-EXISTING CONDITION|ANKLE EDEMA^VERBATIM_0705,1
OEDEMA PERIPHERAL~SIGNIFICANT PRE-EXISTING CONDITION|ANKLE EDEMA^VERBATIM_0835,1
OEDEMA PERIPHERAL~SIGNIFICANT PRE-EXISTING CONDITION|ANKLE EDEMA^VERBATIM_1392,1
OEDEMA PERIPHERAL~SIGNIFICANT PRE-EXISTING CONDITION|ANKLE EDEMA^VERBATIM_1653,1
OEDEMA PERIPHERAL~SIGNIFICANT PRE-EXISTING CONDITION|EDEMA HANDS^VERBATIM_0182,1
OEDEMA PERIPHERAL~SIGNIFICANT PRE-EXISTING CONDITION|EDEMA LEGS^VERBATIM_1535,1
OEDEMA PERIPHERAL~SIGNIFICANT PRE-EXISTING CONDITION|EDEMA OF EXTREMITIES^VERBATIM_0112,1
OEDEMA PERIPHERAL~SIGNIFICANT PRE-EXISTING CONDITION|EDEMATOUS FEET^VERBATIM_0918,1
OEDEMA PERIPHERAL~SIGNIFICANT PRE-EXISTING CONDITION|EDEMATOUS FEET^VERBATIM_1513,1
OEDEMA PERIPHERAL~SIGNIFICANT PRE-EXISTING CONDITION|LEG EDEMA^VERBATIM_0378,1
OEDEMA PERIPHERAL~SIGNIFICANT PRE-EXISTING CONDITION|LEG EDEMA^VERBATIM_1652,1
OEDEMA PERIPHERAL~SIGNIFICANT PRE-EXISTING CONDITION|SWELLING OF LEGS^VERBATIM_1105,1
OEDEMA PERIPHERAL~SIGNIFICANT PRE-EXISTING CONDITION|SWELLING OF LEGS^VERBATIM_1585,1
OEDEMA PERIPHERAL~SIGNIFICANT PRE-EXISTING CONDITION|SWOLLEN ARM^VERBATIM_1068,1
OEDEMA~SIGNIFICANT PRE-EXISTING CONDITION|EDEMA^VERBATIM_1138,1
OEDEMA~SIGNIFICANT PRE-EXISTING CONDITION|EDEMA^VERBATIM_1760,1
OESOPHAGEAL OPERATION~HISTORICAL DIAGNOSIS|ESOPHAGEAL OPERATION^VERBATIM_1000,1
OESOPHAGEAL STENOSIS~HISTORICAL DIAGNOSIS|ESOPHAGEAL STENOSIS^VERBATIM_0657,1
ONYCHOMYCOSIS~SIGNIFICANT PRE-EXISTING CONDITION|ONYCHOMYCOSIS^VERBATIM_0417,1
OSTEOARTHRITIS~HISTORICAL DIAGNOSIS|OSTEOARTHRITIS^VERBATIM_0809,1
OSTEOARTHRITIS~HISTORICAL DIAGNOSIS|SHOULDER OSTEOARTHRITIS^VERBATIM_0071,1
OSTEOARTHRITIS~SIGNIFICANT PRE-EXISTING CONDITION|DEGENERATIVE JOINT DISEASE^VERBATIM_1734,1
OSTEOARTHRITIS~SIGNIFICANT PRE-EXISTING CONDITION|ELBOW OSTEOARTHRITIS^VERBATIM_0560,1
OSTEOARTHRITIS~SIGNIFICANT PRE-EXISTING CONDITION|HAND OSTEOARTHRITIS^VERBATIM_0367,1
OSTEOARTHRITIS~SIGNIFICANT PRE-EXISTING CONDITION|HAND OSTEOARTHRITIS^VERBATIM_1632,1
OSTEOARTHRITIS~SIGNIFICANT PRE-EXISTING CONDITION|KNEE OSTEOARTHRITIS^VERBATIM_0547,1
OSTEOARTHRITIS~SIGNIFICANT PRE-EXISTING CONDITION|OSTEOARTHRITIS^VERBATIM_0732,1
OSTEOARTHRITIS~SIGNIFICANT PRE-EXISTING CONDITION|SHOULDER OSTEOARTHRITIS^VERBATIM_0704,1
OSTEOARTHRITIS~SIGNIFICANT PRE-EXISTING CONDITION|SHOULDER OSTEOARTHRITIS^VERBATIM_1337,1
OSTEOCHONDROMA~SIGNIFICANT PRE-EXISTING CONDITION|OSTEOCHONDROMA^VERBATIM_1103,1
OSTEOPOROTIC FRACTURE~SIGNIFICANT PRE-EXISTING CONDITION|OSTEOPOROSIS WITH FRACTURE^VERBATIM_1661,1
OTITIS EXTERNA~HISTORICAL DIAGNOSIS|INFECTION OF THE OUTER EAR^VERBATIM_1284,1
OTITIS EXTERNA~HISTORICAL DIAGNOSIS|OTITIS EXTERNA^VERBATIM_0448,1
PAIN IN EXTREMITY~SIGNIFICANT PRE-EXISTING CONDITION|PAIN IN LEG^VERBATIM_0068,1
PAIN IN EXTREMITY~SIGNIFICANT PRE-EXISTING CONDITION|PAIN IN LEG^VERBATIM_0420,1
PAIN TRAUMA ACTIVATED~HISTORICAL DIAGNOSIS|PAIN TRAUMA ACTIVATED^VERBATIM_0048,1
PAIN TRAUMA ACTIVATED~HISTORICAL DIAGNOSIS|PAIN TRAUMA ACTIVATED^VERBATIM_1617,1
PAIN TRAUMA ACTIVATED~SIGNIFICANT PRE-EXISTING CONDITION|PAIN TRAUMA ACTIVATED^VERBATIM_0048,1
PAIN TRAUMA ACTIVATED~SIGNIFICANT PRE-EXISTING CONDITION|PAIN TRAUMA ACTIVATED^VERBATIM_0062,1
PAINFUL DEFAECATION~HISTORICAL DIAGNOSIS|PAINFUL DEFECATION^VERBATIM_1747,1
PALPITATIONS~HISTORICAL DIAGNOSIS|PALPITATIONS^VERBATIM_0266,1
PALPITATIONS~SIGNIFICANT PRE-EXISTING CONDITION|PALPITATIONS^VERBATIM_0135,1
PALPITATIONS~SIGNIFICANT PRE-EXISTING CONDITION|PALPITATIONS^VERBATIM_0266,1
PARAESTHESIA~SIGNIFICANT PRE-EXISTING CONDITION|PARESTHESIA HAND^VERBATIM_1311,1
PARAESTHESIA~SIGNIFICANT PRE-EXISTING CONDITION|TINGLING FEET/HANDS^VERBATIM_0567,1
PARAESTHESIA~SIGNIFICANT PRE-EXISTING CONDITION|TINGLING^VERBATIM_1446,1
PATELLA FRACTURE~HISTORICAL DIAGNOSIS|FRACTURE OF PATELLA^VERBATIM_0257,1
PELVIC FRACTURE~HISTORICAL DIAGNOSIS|PELVIC FRACTURE^VERBATIM_0470,1
PENILE PROSTHESIS INSERTION~HISTORICAL DIAGNOSIS|PENILE PROSTHESIS INSERTION^VERBATIM_0388,1
PEPTIC ULCER~HISTORICAL DIAGNOSIS|PEPTIC ULCER DISEASE^VERBATIM_0447,1
PEPTIC ULCER~HISTORICAL DIAGNOSIS|PEPTIC ULCER^VERBATIM_0064,1
PEPTIC ULCER~HISTORICAL DIAGNOSIS|PEPTIC ULCER^VERBATIM_0765,1
PERIARTHRITIS~HISTORICAL DIAGNOSIS|FROZEN SHOULDER^VERBATIM_1455,1
PIGMENTED NAEVUS~SIGNIFICANT PRE-EXISTING CONDITION|MOLE OF SKIN^VERBATIM_0173,1
PITTING OEDEMA~SIGNIFICANT PRE-EXISTING CONDITION|PITTING EDEMA^VERBATIM_1469,1
PITUITARY CYST~HISTORICAL DIAGNOSIS|PITUITARY CYST^VERBATIM_0869,1
PLATELET COUNT DECREASED~HISTORICAL DIAGNOSIS|PLATELET COUNT LOW^VERBATIM_0627,1
PNEUMONIA PRIMARY ATYPICAL~HISTORICAL DIAGNOSIS|WALKING PNEUMONIA^VERBATIM_0124,1
PNEUMOTHORAX~HISTORICAL DIAGNOSIS|PNEUMOTHORAX^VERBATIM_1514,1
POLIOMYELITIS~HISTORICAL DIAGNOSIS|POLIO^VERBATIM_1344,1
POLLAKIURIA~SIGNIFICANT PRE-EXISTING CONDITION|URINARY FREQUENCY^VERBATIM_0696,1
POLLAKIURIA~SIGNIFICANT PRE-EXISTING CONDITION|URINARY FREQUENCY^VERBATIM_1701,1
POLYARTHRITIS~SIGNIFICANT PRE-EXISTING CONDITION|POLYARTHRITIS^VERBATIM_0119,1
POLYARTHRITIS~SIGNIFICANT PRE-EXISTING CONDITION|POLYARTHRITIS^VERBATIM_0325,1
POLYARTHRITIS~SIGNIFICANT PRE-EXISTING CONDITION|POLYARTHRITIS^VERBATIM_0338,1
POLYARTHRITIS~SIGNIFICANT PRE-EXISTING CONDITION|POLYARTHRITIS^VERBATIM_1113,1
POLYARTHRITIS~SIGNIFICANT PRE-EXISTING CONDITION|POLYARTHRITIS^VERBATIM_1121,1
POLYARTHRITIS~SIGNIFICANT PRE-EXISTING CONDITION|POLYARTHRITIS^VERBATIM_1145,1
POLYARTHRITIS~SIGNIFICANT PRE-EXISTING CONDITION|POLYARTHRITIS^VERBATIM_1168,1
POLYARTHRITIS~SIGNIFICANT PRE-EXISTING CONDITION|POLYARTHRITIS^VERBATIM_1316,1
POLYARTHRITIS~SIGNIFICANT PRE-EXISTING CONDITION|POLYARTHRITIS^VERBATIM_1546,1
POLYARTHRITIS~SIGNIFICANT PRE-EXISTING CONDITION|POLYARTHRITIS^VERBATIM_1623,1
POLYTRAUMATISM~SIGNIFICANT PRE-EXISTING CONDITION|MULTIPLE INJURIES^VERBATIM_0069,1
PROSTATE CANCER~HISTORICAL DIAGNOSIS|CARCINOMA PROSTATE^VERBATIM_1414,1
PROSTATE CANCER~HISTORICAL DIAGNOSIS|PROSTATIC CARCINOMA^VERBATIM_0609,1
PROSTATE CANCER~SIGNIFICANT PRE-EXISTING CONDITION|PROSTATE CANCER^VERBATIM_0154,1
PROSTATECTOMY~HISTORICAL DIAGNOSIS|PROSTATECTOMY^VERBATIM_0055,1
PROSTATIC DISORDER~SIGNIFICANT PRE-EXISTING CONDITION|PROSTATIC DISORDER^VERBATIM_0505,1
PROSTATIC SPECIFIC ANTIGEN INCREASED~SIGNIFICANT PRE-EXISTING CONDITION|PROSTATE SPECIFIC ANTIGEN INCREASED^VERBATIM_0959,1
PROSTATITIS~SIGNIFICANT PRE-EXISTING CONDITION|PROSTATITIS^VERBATIM_1350,1
PRURITUS~HISTORICAL DIAGNOSIS|ITCHY SKIN^VERBATIM_1364,1
PRURITUS~SIGNIFICANT PRE-EXISTING CONDITION|ITCHING^VERBATIM_0076,1
PSORIASIS~SIGNIFICANT PRE-EXISTING CONDITION|PSORIASIS^VERBATIM_0253,1
PSORIASIS~SIGNIFICANT PRE-EXISTING CONDITION|PSORIASIS^VERBATIM_0512,1
PULMONARY FIBROSIS~SIGNIFICANT PRE-EXISTING CONDITION|PULMONARY FIBROSIS^VERBATIM_0862,1
PYELONEPHRITIS~HISTORICAL DIAGNOSIS|PYELONEPHRITIS^VERBATIM_1555,1
RADICAL MASTECTOMY~HISTORICAL DIAGNOSIS|MASTECTOMY RADICAL^VERBATIM_0606,1
RADICAL MASTECTOMY~HISTORICAL DIAGNOSIS|MASTECTOMY RADICAL^VERBATIM_1805,1
RALES~SIGNIFICANT PRE-EXISTING CONDITION|DRY RALE^VERBATIM_0043,1
RASH MACULO-PAPULAR~SIGNIFICANT PRE-EXISTING CONDITION|MACULOPAPULAR RASH^VERBATIM_1060,1
RASH~SIGNIFICANT PRE-EXISTING CONDITION|RASH^VERBATIM_1452,1
RASH~SIGNIFICANT PRE-EXISTING CONDITION|SKIN RASH^VERBATIM_1629,1
RAYNAUD'S PHENOMENON~SIGNIFICANT PRE-EXISTING CONDITION|RAYNAUD'S PHENOMENON^VERBATIM_0024,1
RECTAL HAEMORRHAGE~HISTORICAL DIAGNOSIS|BLEEDING RECTAL^VERBATIM_0123,1
RECTAL POLYP~HISTORICAL DIAGNOSIS|RECTAL POLYP^VERBATIM_0530,1
RENAL DISORDER~HISTORICAL DIAGNOSIS|RENAL DISORDER^VERBATIM_0259,1
RENAL STONE REMOVAL~HISTORICAL DIAGNOSIS|REMOVAL OF KIDNEY STONE^VERBATIM_0089,1
RESPIRATION ABNORMAL~SIGNIFICANT PRE-EXISTING CONDITION|RESPIRATION ABNORMAL^VERBATIM_1025,1
RETINAL DETACHMENT~HISTORICAL DIAGNOSIS|DETACHED RETINA^VERBATIM_0275,1
RETINAL DETACHMENT~HISTORICAL DIAGNOSIS|DETACHED RETINA^VERBATIM_1078,1
RETINAL DETACHMENT~HISTORICAL DIAGNOSIS|DETACHMENT RETINAL^VERBATIM_1112,1
RHEUMATOID ARTHRITIS~SIGNIFICANT PRE-EXISTING CONDITION|ARTHRITIS RHEUMATOID^VERBATIM_1461,1
RHINITIS ALLERGIC~SIGNIFICANT PRE-EXISTING CONDITION|ALLERGIC RHINITIS^VERBATIM_1016,1
RHINITIS~SIGNIFICANT PRE-EXISTING CONDITION|RHINITIS^VERBATIM_1354,1
RHINORRHOEA~SIGNIFICANT PRE-EXISTING CONDITION|SNIFFLES^VERBATIM_0827,1
RIB FRACTURE~HISTORICAL DIAGNOSIS|FRACTURED RIBS^VERBATIM_0870,1
RIB FRACTURE~HISTORICAL DIAGNOSIS|FRACTURED RIBS^VERBATIM_1407,1
SCIATICA~HISTORICAL DIAGNOSIS|SCIATICA^VERBATIM_1200,1
SCOLIOSIS~SIGNIFICANT PRE-EXISTING CONDITION|SCOLIOSIS^VERBATIM_0345,1
SCOLIOSIS~SIGNIFICANT PRE-EXISTING CONDITION|SCOLIOSIS^VERBATIM_1782,1
SEASONAL ALLERGY~SIGNIFICANT PRE-EXISTING CONDITION|HAY FEVER^VERBATIM_0396,1
SEASONAL ALLERGY~SIGNIFICANT PRE-EXISTING CONDITION|SEASONAL ALLERGY^VERBATIM_0042,1
SEBACEOUS CYST EXCISION~HISTORICAL DIAGNOSIS|SEBACEOUS CYST REMOVAL^VERBATIM_0052,1
SENSORY LOSS~HISTORICAL DIAGNOSIS|LOSS OF SENSATION^VERBATIM_0752,1
SHOULDER OPERATION~HISTORICAL DIAGNOSIS|SHOULDER OPERATION^VERBATIM_0170,1
SHOULDER PAIN~SIGNIFICANT PRE-EXISTING CONDITION|SHOULDER PAIN^VERBATIM_0671,1
SHOULDER PAIN~SIGNIFICANT PRE-EXISTING CONDITION|SHOULDER PAIN^VERBATIM_1460,1
SINUS HEADACHE~SIGNIFICANT PRE-EXISTING CONDITION|HEADACHE SINUS^VERBATIM_1658,1
SINUS OPERATION~HISTORICAL DIAGNOSIS|SINUS OPERATION NOS^VERBATIM_0330,1
SINUS OPERATION~HISTORICAL DIAGNOSIS|SINUS OPERATION^VERBATIM_0807,1
SINUS POLYP~SIGNIFICANT PRE-EXISTING CONDITION|SINUS POLYP^VERBATIM_1276,1
SKELETAL INJURY~SIGNIFICANT PRE-EXISTING CONDITION|BONE INJURY^VERBATIM_1215,1
SKIN CANCER~HISTORICAL DIAGNOSIS|CARCINOMA SKIN^VERBATIM_0688,1
SKIN CANCER~HISTORICAL DIAGNOSIS|SKIN CARCINOMA^VERBATIM_0456,1
SKIN GRAFT~HISTORICAL DIAGNOSIS|SKIN GRAFT^VERBATIM_1550,1
SKIN LACERATION~HISTORICAL DIAGNOSIS|LACERATION OF ARM^VERBATIM_0463,1
SKIN LACERATION~HISTORICAL DIAGNOSIS|LACERATION OF ARM^VERBATIM_0975,1
SKIN LACERATION~SIGNIFICANT PRE-EXISTING CONDITION|LACERATION OF FINGER^VERBATIM_1610,1
SKIN LESION EXCISION~HISTORICAL DIAGNOSIS|SKIN LESION EXCISION^VERBATIM_1093,1
SKIN NEOPLASM EXCISION~HISTORICAL DIAGNOSIS|BASAL CELL CARCINOMA EXCISION^VERBATIM_0053,1
SKIN NEOPLASM EXCISION~HISTORICAL DIAGNOSIS|BASAL CELL CARCINOMA EXCISION^VERBATIM_0223,1
SKIN NEOPLASM EXCISION~HISTORICAL DIAGNOSIS|BASAL CELL CARCINOMA EXCISION^VERBATIM_0577,1
SKIN NEOPLASM EXCISION~HISTORICAL DIAGNOSIS|BASAL CELL CARCINOMA EXCISION^VERBATIM_0719,1
SKIN NEOPLASM EXCISION~HISTORICAL DIAGNOSIS|BASAL CELL CARCINOMA EXCISION^VERBATIM_1377,1
SKIN NEOPLASM EXCISION~HISTORICAL DIAGNOSIS|SKIN NEOPLASM EXCISION^VERBATIM_0239,1
SKIN NEOPLASM EXCISION~HISTORICAL DIAGNOSIS|SKIN NEOPLASM EXCISION^VERBATIM_1079,1
SKIN NODULE~SIGNIFICANT PRE-EXISTING CONDITION|SKIN NODULE^VERBATIM_1257,1
SKIN ULCER~HISTORICAL DIAGNOSIS|LEG ULCER (EXCL VARICOSE)^VERBATIM_0948,1
SKIN ULCER~HISTORICAL DIAGNOSIS|STASIS ULCER^VERBATIM_0624,1
SLEEP APNOEA SYNDROME~HISTORICAL DIAGNOSIS|SLEEP APNEA^VERBATIM_1185,1
SMALL INTESTINE ULCER~HISTORICAL DIAGNOSIS|SMALL INTESTINE ULCER^VERBATIM_1720,1
SPINAL COLUMN STENOSIS~SIGNIFICANT PRE-EXISTING CONDITION|SPINAL STENOSIS NOS^VERBATIM_1667,1
SPINAL FUSION SURGERY~HISTORICAL DIAGNOSIS|FUSION OF VERTEBRA^VERBATIM_1654,1
SPINAL LAMINECTOMY~HISTORICAL DIAGNOSIS|LAMINECTOMY SPINAL^VERBATIM_0962,1
SPINAL LAMINECTOMY~HISTORICAL DIAGNOSIS|SPINAL LAMINECTOMY^VERBATIM_0379,1
SPINAL OSTEOARTHRITIS~SIGNIFICANT PRE-EXISTING CONDITION|OSTEOARTHRITIS OF LUMBAR SPINE^VERBATIM_0961,1
SPINAL OSTEOARTHRITIS~SIGNIFICANT PRE-EXISTING CONDITION|SPINAL OSTEOARTHRITIS^VERBATIM_0256,1
SPLENIC RUPTURE~HISTORICAL DIAGNOSIS|RUPTURE OF SPLEEN^VERBATIM_0656,1
SPONDYLITIS~SIGNIFICANT PRE-EXISTING CONDITION|ARTHRITIS OF NECK^VERBATIM_0934,1
SPONDYLITIS~SIGNIFICANT PRE-EXISTING CONDITION|ARTHRITIS OF NECK^VERBATIM_1063,1
STENT PLACEMENT~HISTORICAL DIAGNOSIS|STENT PLACEMENT^VERBATIM_1277,1
STRABISMUS~SIGNIFICANT PRE-EXISTING CONDITION|STRABISMUS^VERBATIM_0983,1
STRESS INCONTINENCE~SIGNIFICANT PRE-EXISTING CONDITION|STRESS INCONTINENCE^VERBATIM_1092,1
SUPRAVENTRICULAR EXTRASYSTOLES~SIGNIFICANT PRE-EXISTING CONDITION|PREMATURE ATRIAL CONTRACTION^VERBATIM_0174,1
SURGERY~HISTORICAL DIAGNOSIS|BACK SURGERY^VERBATIM_1799,1
SURGERY~HISTORICAL DIAGNOSIS|OPERATION NOS^VERBATIM_1140,1
SURGERY~HISTORICAL DIAGNOSIS|OPERATION NOS^VERBATIM_1177,1
SURGERY~HISTORICAL DIAGNOSIS|OPERATION NOS^VERBATIM_1547,1
SYNCOPE~HISTORICAL DIAGNOSIS|FAINTING^VERBATIM_0581,1
TACHYCARDIA~HISTORICAL DIAGNOSIS|TACHYCARDIA^VERBATIM_0231,1
TENDON INJURY~HISTORICAL DIAGNOSIS|HAND TENDON INJURY^VERBATIM_1260,1
TENDON REPAIR~HISTORICAL DIAGNOSIS|TENDON REPAIR^VERBATIM_0357,1
THERMAL BURN~HISTORICAL DIAGNOSIS|BURN OF UNSPECIFIED DEGREE OF UNSPECIFIED SITE OF UPPER LIMB^VERBATIM_0199,1
THERMAL BURN~HISTORICAL DIAGNOSIS|BURN^VERBATIM_0036,1
THERMAL BURN~HISTORICAL DIAGNOSIS|BURN^VERBATIM_1648,1
THROMBECTOMY~HISTORICAL DIAGNOSIS|THROMBECTOMY^VERBATIM_0067,1
THROMBOCYTOPENIA~SIGNIFICANT PRE-EXISTING CONDITION|THROMBOCYTOPENIA^VERBATIM_0295,1
THYROID CYST~SIGNIFICANT PRE-EXISTING CONDITION|CYST OF THYROID^VERBATIM_1525,1
THYROID GLAND CANCER~HISTORICAL DIAGNOSIS|THYROID CARCINOMA^VERBATIM_1485,1
THYROID OPERATION~HISTORICAL DIAGNOSIS|THYROID OPERATION^VERBATIM_0513,1
THYROIDECTOMY PARTIAL~HISTORICAL DIAGNOSIS|THYROIDECTOMY PARTIAL^VERBATIM_1004,1
THYROIDECTOMY~HISTORICAL DIAGNOSIS|THYROIDECTOMY^VERBATIM_0976,1
TIC~SIGNIFICANT PRE-EXISTING CONDITION|TIC^VERBATIM_1286,1
TINNITUS~SIGNIFICANT PRE-EXISTING CONDITION|NOISES IN HEAD^VERBATIM_0713,1
TINNITUS~SIGNIFICANT PRE-EXISTING CONDITION|TINNITUS^VERBATIM_0047,1
TINNITUS~SIGNIFICANT PRE-EXISTING CONDITION|TINNITUS^VERBATIM_0825,1
TINNITUS~SIGNIFICANT PRE-EXISTING CONDITION|TINNITUS^VERBATIM_0845,1
TINNITUS~SIGNIFICANT PRE-EXISTING CONDITION|TINNITUS^VERBATIM_1241,1
TOE OPERATION~HISTORICAL DIAGNOSIS|CORRECTION HAMMER TOE^VERBATIM_1238,1
TONGUE OPERATION~HISTORICAL DIAGNOSIS|TONGUE OPERATION^VERBATIM_0227,1
TOOTH EXTRACTION~HISTORICAL DIAGNOSIS|TOOTH EXTRACTION NOS^VERBATIM_0236,1
TOOTH EXTRACTION~HISTORICAL DIAGNOSIS|TOOTH EXTRACTION^VERBATIM_0204,1
TOOTH EXTRACTION~HISTORICAL DIAGNOSIS|TOOTH EXTRACTION^VERBATIM_0626,1
TOOTH EXTRACTION~HISTORICAL DIAGNOSIS|TOOTH EXTRACTION^VERBATIM_0851,1
TOOTHACHE~SIGNIFICANT PRE-EXISTING CONDITION|TOOTHACHE^VERBATIM_1580,1
TRANSIENT ISCHAEMIC ATTACK~HISTORICAL DIAGNOSIS|TRANSIENT ISCHEMIC ATTACKS^VERBATIM_1021,1
TRANSURETHRAL PROSTATECTOMY~HISTORICAL DIAGNOSIS|PROSTATE TRANSURETHRAL RESECTION^VERBATIM_0333,1
TREMOR~SIGNIFICANT PRE-EXISTING CONDITION|TREMOR PERIORAL^VERBATIM_1358,1
TRIPLE VESSEL BYPASS GRAFT~HISTORICAL DIAGNOSIS|TRIPLE VESSEL BYPASS GRAFT^VERBATIM_1486,1
TUBAL LIGATION~HISTORICAL DIAGNOSIS|TUBAL LIGATION^VERBATIM_1763,1
TUMOUR EXCISION~HISTORICAL DIAGNOSIS|TUMOUR EXCISION^VERBATIM_0836,1
ULCER~HISTORICAL DIAGNOSIS|ULCER^VERBATIM_0424,1
ULCER~HISTORICAL DIAGNOSIS|ULCER^VERBATIM_1041,1
UMBILICAL HERNIA REPAIR~HISTORICAL DIAGNOSIS|UMBILICAL HERNIA REPAIR^VERBATIM_0116,1
UMBILICAL HERNIA REPAIR~HISTORICAL DIAGNOSIS|UMBILICAL HERNIA REPAIR^VERBATIM_0177,1
UMBILICAL HERNIA~HISTORICAL DIAGNOSIS|UMBILICAL HERNIA^VERBATIM_1756,1
UMBILICAL HERNIA~SIGNIFICANT PRE-EXISTING CONDITION|UMBILICAL HERNIA^VERBATIM_1756,1
UPPER LIMB FRACTURE~HISTORICAL DIAGNOSIS|ARM FRACTURE^VERBATIM_1439,1
UPPER LIMB FRACTURE~HISTORICAL DIAGNOSIS|BROKEN ELBOW^VERBATIM_0599,1
UPPER LIMB FRACTURE~HISTORICAL DIAGNOSIS|ELBOW FRACTURE^VERBATIM_1002,1
UPPER LIMB FRACTURE~HISTORICAL DIAGNOSIS|ELBOW FRACTURE^VERBATIM_1156,1
UPPER LIMB FRACTURE~HISTORICAL DIAGNOSIS|ELBOW FRACTURE^VERBATIM_1378,1
UPPER RESPIRATORY TRACT INFECTION~SIGNIFICANT PRE-EXISTING CONDITION|UPPER RESPIRATORY INFECTION^VERBATIM_0579,1
URETHRAL OPERATION~HISTORICAL DIAGNOSIS|URETHRAL OPERATION NOS^VERBATIM_0915,1
URINARY INCONTINENCE~SIGNIFICANT PRE-EXISTING CONDITION|URINARY INCONTINENCE^VERBATIM_0041,1
URINARY TRACT INFECTION~HISTORICAL DIAGNOSIS|URINARY TRACT INFECTION^VERBATIM_1682,1
URINARY TRACT INFECTION~HISTORICAL DIAGNOSIS|UTI^VERBATIM_0380,1
URINARY TRACT INFECTION~SIGNIFICANT PRE-EXISTING CONDITION|URINARY TRACT INFECTION^VERBATIM_1682,1
URTICARIA~HISTORICAL DIAGNOSIS|ALLERGIC URTICARIA^VERBATIM_1733,1
UTERINE DILATION AND CURETTAGE~HISTORICAL DIAGNOSIS|UTERINE DILATION AND CURETTAGE^VERBATIM_0296,1
UTERINE LEIOMYOMA~SIGNIFICANT PRE-EXISTING CONDITION|UTERINE FIBROID^VERBATIM_0970,1
UTERINE PROLAPSE~SIGNIFICANT PRE-EXISTING CONDITION|UTERINE PROLAPSE^VERBATIM_0457,1
UTERINE TUMOUR EXCISION~HISTORICAL DIAGNOSIS|UTERINE BENIGN NEOPLASM REMOVAL^VERBATIM_1615,1
VAGINAL HAEMORRHAGE~SIGNIFICANT PRE-EXISTING CONDITION|VAGINAL BLEEDING^VERBATIM_0344,1
VAGOTOMY~HISTORICAL DIAGNOSIS|VAGOTOMY^VERBATIM_1151,1
VARICOSE VEIN~SIGNIFICANT PRE-EXISTING CONDITION|VARICOSE VEINS OF LOWER EXTREMITIES^VERBATIM_1017,1
VARICOSE VEINS STRIPPING~HISTORICAL DIAGNOSIS|VARICOSE VEINS STRIPPING^VERBATIM_0645,1
VASCULAR BYPASS GRAFT~HISTORICAL DIAGNOSIS|VASCULAR BYPASS GRAFT^VERBATIM_0439,1
VASECTOMY~HISTORICAL DIAGNOSIS|VASECTOMY^VERBATIM_1692,1
VASODILATATION~SIGNIFICANT PRE-EXISTING CONDITION|DILATED VEINS^VERBATIM_1094,1
VENOUS INSUFFICIENCY~SIGNIFICANT PRE-EXISTING CONDITION|VENOUS INSUFFICIENCY^VERBATIM_0865,1
VENTRICULAR HYPERTROPHY~SIGNIFICANT PRE-EXISTING CONDITION|LEFT VENTRICULAR HYPERTROPHY^VERBATIM_1214,1
VENTRICULAR SEPTAL DEFECT~SIGNIFICANT PRE-EXISTING CONDITION|VENTRICULAR SEPTAL DEFECT^VERBATIM_0888,1
VERTIGO~HISTORICAL DIAGNOSIS|VERTIGO^VERBATIM_0820,1
VERTIGO~SIGNIFICANT PRE-EXISTING CONDITION|VERTIGO^VERBATIM_1703,1
VERTIGO~SIGNIFICANT PRE-EXISTING CONDITION|VERTIGO^VERBATIM_1806,1
VISUAL ACUITY REDUCED~SIGNIFICANT PRE-EXISTING CONDITION|VISION DECREASED^VERBATIM_0464,1
VITAMIN B12 DEFICIENCY~HISTORICAL DIAGNOSIS|VITAMIN B12 DEFICIENCY^VERBATIM_1787,1
WALKING AID USER~SIGNIFICANT PRE-EXISTING CONDITION|CANE USER^VERBATIM_0360,1
WHEEZING~SIGNIFICANT PRE-EXISTING CONDITION|WHEEZING^VERBATIM_0001,1
WHIPLASH INJURY~SIGNIFICANT PRE-EXISTING CONDITION|WHIPLASH INJURY^VERBATIM_0045,1
WISDOM TEETH REMOVAL~HISTORICAL DIAGNOSIS|WISDOM TEETH REMOVAL^VERBATIM_1729,1
WOUND~HISTORICAL DIAGNOSIS|WOUND^VERBATIM_1605,1
WRIST FRACTURE~HISTORICAL DIAGNOSIS|FRACTURED WRIST^VERBATIM_1243,1
WRIST FRACTURE~HISTORICAL DIAGNOSIS|WRIST FRACTURE^VERBATIM_0063,1
WRIST FRACTURE~HISTORICAL DIAGNOSIS|WRIST FRACTURE^VERBATIM_1371,1
YAWS~HISTORICAL DIAGNOSIS|YAWS^VERBATIM_0489,1
